PM	OL	OR	RYEAR	RMONTH	RDAY	RTITLE	RFILENAME	OYEAR	OMONTH	ODAY	OTITLE	OFILENAME
644	922	933	1814	06	02	Trewman’s Exeter Flying Post	1814.06.02_Trewman'sExeterFlyingPostorPlymouthandCornishAdvertiser_0001	1814	06	02	Caledonian Mercury	1814.06.02_CaledonianMercury_0002
202	303	304	1814	06	03	Liverpool Mercury	1814.06.03_LiverpoolMercuryetc_0006	1814	06	02	Caledonian Mercury	1814.06.02_CaledonianMercury_0002
230	358	344	1814	06	03	Liverpool Mercury	1814.06.03_LiverpoolMercuryetc_0006	1814	06	02	Trewman’s Exeter Flying Post	1814.06.02_Trewman'sExeterFlyingPostorPlymouthandCornishAdvertiser_0002
242	384	380	1814	06	03	Liverpool Mercury	1814.06.03_LiverpoolMercuryetc_0007	1814	06	02	Derby Mercury	1814.06.02_TheDerbyMercury_0004
299	466	466	1814	06	04	Caledonian Mercury	1814.06.04_CaledonianMercury_0002	1814	06	01	Morning Chronicle	1814.06.01_TheMorningChronicle_0002
263	395	404	1814	06	04	Cobbett’s Weekly Political Register	1814.06.04_Cobbett'sWeeklyPoliticalRegister_0013	1814	06	02	Caledonian Mercury	1814.06.02_CaledonianMercury_0002
329	536	519	1814	06	04	Jackson’s Oxford Journal	1814.06.04_Jackson'sOxfordJournal_0002	1814	06	04	Caledonian Mercury	1814.06.04_CaledonianMercury_0002
1073	1415	1456	1814	06	04	Leeds Mercury	1814.06.04_TheLeedsMercury_0002	1814	06	02	Caledonian Mercury	1814.06.02_CaledonianMercury_0002
568	855	863	1814	06	04	Leeds Mercury	1814.06.04_TheLeedsMercury_0002	1814	06	02	Trewman’s Exeter Flying Post	1814.06.02_Trewman'sExeterFlyingPostorPlymouthandCornishAdvertiser_0001
348	574	579	1814	06	04	Leeds Mercury	1814.06.04_TheLeedsMercury_0002	1814	06	04	Cobbett’s Weekly Political Register	1814.06.04_Cobbett'sWeeklyPoliticalRegister_0013
443	677	665	1814	06	04	Leeds Mercury	1814.06.04_TheLeedsMercury_0004	1814	06	02	Caledonian Mercury	1814.06.02_CaledonianMercury_0004
201	322	318	1814	06	05	Examiner	1814.06.05_TheExaminer_0005	1814	06	04	Jackson’s Oxford Journal	1814.06.04_Jackson'sOxfordJournal_0002
261	415	426	1814	06	05	Examiner	1814.06.05_TheExaminer_0005	1814	06	04	Morning Chronicle	1814.06.04_TheMorningChronicle_0002
437	741	755	1814	06	05	Examiner	1814.06.05_TheExaminer_0006	1814	06	04	Morning Chronicle	1814.06.04_TheMorningChronicle_0002
647	966	962	1814	06	07	Hull Packet	1814.06.07_TheHullPacketandOriginalWeeklyCommercialLiteraryandGeneralAdvertiser_0004	1814	06	02	Caledonian Mercury	1814.06.02_CaledonianMercury_0002
417	717	710	1814	06	07	Hull Packet	1814.06.07_TheHullPacketandOriginalWeeklyCommercialLiteraryandGeneralAdvertiser_0004	1814	06	02	Trewman’s Exeter Flying Post	1814.06.02_Trewman'sExeterFlyingPostorPlymouthandCornishAdvertiser_0001
225	395	372	1814	06	07	Hull Packet	1814.06.07_TheHullPacketandOriginalWeeklyCommercialLiteraryandGeneralAdvertiser_0004	1814	06	04	Cobbett’s Weekly Political Register	1814.06.04_Cobbett'sWeeklyPoliticalRegister_0013
708	1078	1042	1814	06	07	Hull Packet	1814.06.07_TheHullPacketandOriginalWeeklyCommercialLiteraryandGeneralAdvertiser_0004	1814	06	04	Leeds Mercury	1814.06.04_TheLeedsMercury_0002
237	420	417	1814	06	09	Caledonian Mercury	1814.06.09_CaledonianMercury_0004	1814	06	04	Morning Chronicle	1814.06.04_TheMorningChronicle_0002
261	449	438	1814	06	09	Caledonian Mercury	1814.06.09_CaledonianMercury_0004	1814	06	04	Morning Chronicle	1814.06.04_TheMorningChronicle_0003
510	852	864	1814	06	09	Derby Mercury	1814.06.09_TheDerbyMercury_0001	1814	06	04	Morning Chronicle	1814.06.04_TheMorningChronicle_0002
264	425	453	1814	06	09	Derby Mercury	1814.06.09_TheDerbyMercury_0004	1814	06	04	Jackson’s Oxford Journal	1814.06.04_Jackson'sOxfordJournal_0002
288	533	542	1814	06	09	Morning Chronicle	1814.06.09_TheMorningChronicle_0004	1814	06	02	Morning Chronicle	1814.06.02_TheMorningChronicle_0004
466	704	710	1814	06	09	Trewman’s Exeter Flying Post	1814.06.09_Trewman'sExeterFlyingPostorPlymouthandCornishAdvertiser_0001	1814	06	02	Trewman’s Exeter Flying Post	1814.06.02_Trewman'sExeterFlyingPostorPlymouthandCornishAdvertiser_0001
303	486	491	1814	06	09	Trewman’s Exeter Flying Post	1814.06.09_Trewman'sExeterFlyingPostorPlymouthandCornishAdvertiser_0002	1814	06	02	Trewman’s Exeter Flying Post	1814.06.02_Trewman'sExeterFlyingPostorPlymouthandCornishAdvertiser_0001
294	450	443	1814	06	09	Trewman’s Exeter Flying Post	1814.06.09_Trewman'sExeterFlyingPostorPlymouthandCornishAdvertiser_0002	1814	06	02	Trewman’s Exeter Flying Post	1814.06.02_Trewman'sExeterFlyingPostorPlymouthandCornishAdvertiser_0002
206	321	326	1814	06	09	Trewman’s Exeter Flying Post	1814.06.09_Trewman'sExeterFlyingPostorPlymouthandCornishAdvertiser_0002	1814	06	04	Caledonian Mercury	1814.06.04_CaledonianMercury_0002
264	430	438	1814	06	09	Trewman’s Exeter Flying Post	1814.06.09_Trewman'sExeterFlyingPostorPlymouthandCornishAdvertiser_0003	1814	06	02	Trewman’s Exeter Flying Post	1814.06.02_Trewman'sExeterFlyingPostorPlymouthandCornishAdvertiser_0001
447	699	687	1814	06	09	Trewman’s Exeter Flying Post	1814.06.09_Trewman'sExeterFlyingPostorPlymouthandCornishAdvertiser_0003	1814	06	02	Trewman’s Exeter Flying Post	1814.06.02_Trewman'sExeterFlyingPostorPlymouthandCornishAdvertiser_0002
1371	1924	1910	1814	06	09	Trewman’s Exeter Flying Post	1814.06.09_Trewman'sExeterFlyingPostorPlymouthandCornishAdvertiser_0003	1814	06	02	Trewman’s Exeter Flying Post	1814.06.02_Trewman'sExeterFlyingPostorPlymouthandCornishAdvertiser_0003
309	441	444	1814	06	09	Trewman’s Exeter Flying Post	1814.06.09_Trewman'sExeterFlyingPostorPlymouthandCornishAdvertiser_0004	1814	06	02	Trewman’s Exeter Flying Post	1814.06.02_Trewman'sExeterFlyingPostorPlymouthandCornishAdvertiser_0004
978	1495	1461	1814	06	10	Liverpool Mercury	1814.06.10_LiverpoolMercuryetc_0001	1814	06	09	Caledonian Mercury	1814.06.09_CaledonianMercury_0002
758	1164	1138	1814	06	10	Liverpool Mercury	1814.06.10_LiverpoolMercuryetc_0002	1814	06	09	Caledonian Mercury	1814.06.09_CaledonianMercury_0002
230	332	325	1814	06	10	Liverpool Mercury	1814.06.10_LiverpoolMercuryetc_0003	1814	06	04	Morning Chronicle	1814.06.04_TheMorningChronicle_0003
235	367	369	1814	06	10	Liverpool Mercury	1814.06.10_LiverpoolMercuryetc_0003	1814	06	09	Caledonian Mercury	1814.06.09_CaledonianMercury_0004
225	374	371	1814	06	11	Caledonian Mercury	1814.06.11_CaledonianMercury_0002	1814	06	08	Morning Chronicle	1814.06.08_TheMorningChronicle_0003
579	1006	1014	1814	06	11	Jackson’s Oxford Journal	1814.06.11_Jackson'sOxfordJournal_0004	1814	06	04	Jackson’s Oxford Journal	1814.06.04_Jackson'sOxfordJournal_0004
973	1496	1497	1814	06	11	Ipswich Journal	1814.06.11_TheIpswichJournal_0001	1814	06	04	Ipswich Journal	1814.06.04_TheIpswichJournal_0001
789	1358	1364	1814	06	11	Ipswich Journal	1814.06.11_TheIpswichJournal_0001	1814	06	04	Ipswich Journal	1814.06.04_TheIpswichJournal_0003
278	468	467	1814	06	11	Ipswich Journal	1814.06.11_TheIpswichJournal_0001	1814	06	04	Ipswich Journal	1814.06.04_TheIpswichJournal_0004
239	429	437	1814	06	11	Ipswich Journal	1814.06.11_TheIpswichJournal_0002	1814	06	08	Morning Chronicle	1814.06.08_TheMorningChronicle_0003
1329	1937	1993	1814	06	11	Leeds Mercury	1814.06.11_TheLeedsMercury_0001	1814	06	04	Leeds Mercury	1814.06.04_TheLeedsMercury_0001
391	638	643	1814	06	11	Leeds Mercury	1814.06.11_TheLeedsMercury_0001	1814	06	04	Leeds Mercury	1814.06.04_TheLeedsMercury_0002
270	446	463	1814	06	11	Leeds Mercury	1814.06.11_TheLeedsMercury_0001	1814	06	04	Leeds Mercury	1814.06.04_TheLeedsMercury_0003
366	560	595	1814	06	11	Leeds Mercury	1814.06.11_TheLeedsMercury_0001	1814	06	04	Leeds Mercury	1814.06.04_TheLeedsMercury_0004
409	589	587	1814	06	11	Leeds Mercury	1814.06.11_TheLeedsMercury_0004	1814	06	04	Leeds Mercury	1814.06.04_TheLeedsMercury_0001
438	741	730	1814	06	11	Leeds Mercury	1814.06.11_TheLeedsMercury_0004	1814	06	04	Leeds Mercury	1814.06.04_TheLeedsMercury_0002
511	814	831	1814	06	11	Leeds Mercury	1814.06.11_TheLeedsMercury_0004	1814	06	04	Leeds Mercury	1814.06.04_TheLeedsMercury_0004
1206	1736	1766	1814	06	11	Leeds Mercury	1814.06.11_TheLeedsMercury_0004	1814	06	04	Morning Chronicle	1814.06.04_TheMorningChronicle_0002
697	1052	1060	1814	06	11	Leeds Mercury	1814.06.11_TheLeedsMercury_0004	1814	06	04	Morning Chronicle	1814.06.04_TheMorningChronicle_0003
386	697	689	1814	06	11	Leeds Mercury	1814.06.11_TheLeedsMercury_0004	1814	06	05	Examiner	1814.06.05_TheExaminer_0006
310	546	548	1814	06	11	Leeds Mercury	1814.06.11_TheLeedsMercury_0004	1814	06	05	Examiner	1814.06.05_TheExaminer_0007
518	832	863	1814	06	11	Leeds Mercury	1814.06.11_TheLeedsMercury_0004	1814	06	09	Caledonian Mercury	1814.06.09_CaledonianMercury_0004
703	1181	1184	1814	06	11	Leeds Mercury	1814.06.11_TheLeedsMercury_0004	1814	06	09	Derby Mercury	1814.06.09_TheDerbyMercury_0001
491	676	670	1814	06	11	Leeds Mercury	1814.06.11_TheLeedsMercury_0004	1814	06	10	Liverpool Mercury	1814.06.10_LiverpoolMercuryetc_0003
233	334	347	1814	06	12	Examiner	1814.06.12_TheExaminer_0007	1814	06	07	Morning Chronicle	1814.06.07_TheMorningChronicle_0002
286	383	391	1814	06	14	Hull Packet	1814.06.14_TheHullPacketandOriginalWeeklyCommercialLiteraryandGeneralAdvertiser_0003	1814	06	13	Caledonian Mercury	1814.06.13_CaledonianMercury_0003
412	691	681	1814	06	14	Hull Packet	1814.06.14_TheHullPacketandOriginalWeeklyCommercialLiteraryandGeneralAdvertiser_0004	1814	06	09	Caledonian Mercury	1814.06.09_CaledonianMercury_0002
419	683	711	1814	06	14	Hull Packet	1814.06.14_TheHullPacketandOriginalWeeklyCommercialLiteraryandGeneralAdvertiser_0004	1814	06	10	Liverpool Mercury	1814.06.10_LiverpoolMercuryetc_0001
505	815	810	1814	06	14	Hull Packet	1814.06.14_TheHullPacketandOriginalWeeklyCommercialLiteraryandGeneralAdvertiser_0004	1814	06	10	Liverpool Mercury	1814.06.10_LiverpoolMercuryetc_0002
274	461	444	1814	06	14	Hull Packet	1814.06.14_TheHullPacketandOriginalWeeklyCommercialLiteraryandGeneralAdvertiser_0004	1814	06	12	Examiner	1814.06.12_TheExaminer_0005
203	320	314	1814	06	15	Aberdeen Journal	1814.06.15_TheAberdeenJournal_0003	1814	06	09	Caledonian Mercury	1814.06.09_CaledonianMercury_0003
225	358	347	1814	06	16	Caledonian Mercury	1814.06.16_CaledonianMercury_0002	1814	06	13	Morning Chronicle	1814.06.13_TheMorningChronicle_0002
228	378	368	1814	06	16	Derby Mercury	1814.06.16_TheDerbyMercury_0001	1814	06	08	Morning Chronicle	1814.06.08_TheMorningChronicle_0003
240	383	380	1814	06	16	Derby Mercury	1814.06.16_TheDerbyMercury_0001	1814	06	11	Caledonian Mercury	1814.06.11_CaledonianMercury_0002
431	662	664	1814	06	16	Trewman’s Exeter Flying Post	1814.06.16_Trewman'sExeterFlyingPostorPlymouthandCornishAdvertiser_0001	1814	06	02	Trewman’s Exeter Flying Post	1814.06.02_Trewman'sExeterFlyingPostorPlymouthandCornishAdvertiser_0001
309	465	466	1814	06	16	Trewman’s Exeter Flying Post	1814.06.16_Trewman'sExeterFlyingPostorPlymouthandCornishAdvertiser_0001	1814	06	02	Trewman’s Exeter Flying Post	1814.06.02_Trewman'sExeterFlyingPostorPlymouthandCornishAdvertiser_0004
808	1175	1182	1814	06	16	Trewman’s Exeter Flying Post	1814.06.16_Trewman'sExeterFlyingPostorPlymouthandCornishAdvertiser_0001	1814	06	09	Trewman’s Exeter Flying Post	1814.06.09_Trewman'sExeterFlyingPostorPlymouthandCornishAdvertiser_0001
560	804	815	1814	06	16	Trewman’s Exeter Flying Post	1814.06.16_Trewman'sExeterFlyingPostorPlymouthandCornishAdvertiser_0001	1814	06	09	Trewman’s Exeter Flying Post	1814.06.09_Trewman'sExeterFlyingPostorPlymouthandCornishAdvertiser_0004
467	699	716	1814	06	16	Trewman’s Exeter Flying Post	1814.06.16_Trewman'sExeterFlyingPostorPlymouthandCornishAdvertiser_0002	1814	06	02	Trewman’s Exeter Flying Post	1814.06.02_Trewman'sExeterFlyingPostorPlymouthandCornishAdvertiser_0001
320	514	506	1814	06	16	Trewman’s Exeter Flying Post	1814.06.16_Trewman'sExeterFlyingPostorPlymouthandCornishAdvertiser_0002	1814	06	02	Trewman’s Exeter Flying Post	1814.06.02_Trewman'sExeterFlyingPostorPlymouthandCornishAdvertiser_0002
210	341	337	1814	06	16	Trewman’s Exeter Flying Post	1814.06.16_Trewman'sExeterFlyingPostorPlymouthandCornishAdvertiser_0002	1814	06	02	Trewman’s Exeter Flying Post	1814.06.02_Trewman'sExeterFlyingPostorPlymouthandCornishAdvertiser_0003
462	723	712	1814	06	16	Trewman’s Exeter Flying Post	1814.06.16_Trewman'sExeterFlyingPostorPlymouthandCornishAdvertiser_0002	1814	06	09	Trewman’s Exeter Flying Post	1814.06.09_Trewman'sExeterFlyingPostorPlymouthandCornishAdvertiser_0001
538	844	818	1814	06	16	Trewman’s Exeter Flying Post	1814.06.16_Trewman'sExeterFlyingPostorPlymouthandCornishAdvertiser_0002	1814	06	09	Trewman’s Exeter Flying Post	1814.06.09_Trewman'sExeterFlyingPostorPlymouthandCornishAdvertiser_0002
590	908	907	1814	06	16	Trewman’s Exeter Flying Post	1814.06.16_Trewman'sExeterFlyingPostorPlymouthandCornishAdvertiser_0002	1814	06	09	Trewman’s Exeter Flying Post	1814.06.09_Trewman'sExeterFlyingPostorPlymouthandCornishAdvertiser_0003
1126	1639	1638	1814	06	16	Trewman’s Exeter Flying Post	1814.06.16_Trewman'sExeterFlyingPostorPlymouthandCornishAdvertiser_0003	1814	06	02	Trewman’s Exeter Flying Post	1814.06.02_Trewman'sExeterFlyingPostorPlymouthandCornishAdvertiser_0003
1216	1738	1726	1814	06	16	Trewman’s Exeter Flying Post	1814.06.16_Trewman'sExeterFlyingPostorPlymouthandCornishAdvertiser_0003	1814	06	09	Trewman’s Exeter Flying Post	1814.06.09_Trewman'sExeterFlyingPostorPlymouthandCornishAdvertiser_0003
307	466	467	1814	06	16	Trewman’s Exeter Flying Post	1814.06.16_Trewman'sExeterFlyingPostorPlymouthandCornishAdvertiser_0004	1814	06	09	Trewman’s Exeter Flying Post	1814.06.09_Trewman'sExeterFlyingPostorPlymouthandCornishAdvertiser_0004
241	302	312	1814	06	17	Liverpool Mercury	1814.06.17_LiverpoolMercuryetc_0002	1814	06	09	Caledonian Mercury	1814.06.09_CaledonianMercury_0003
349	529	529	1814	06	17	Liverpool Mercury	1814.06.17_LiverpoolMercuryetc_0003	1814	06	10	Morning Chronicle	1814.06.10_TheMorningChronicle_0002
277	412	419	1814	06	17	Liverpool Mercury	1814.06.17_LiverpoolMercuryetc_0004	1814	06	10	Liverpool Mercury	1814.06.10_LiverpoolMercuryetc_0004
200	276	279	1814	06	17	Liverpool Mercury	1814.06.17_LiverpoolMercuryetc_0006	1814	06	13	Caledonian Mercury	1814.06.13_CaledonianMercury_0003
205	287	269	1814	06	17	Liverpool Mercury	1814.06.17_LiverpoolMercuryetc_0006	1814	06	14	Hull Packet	1814.06.14_TheHullPacketandOriginalWeeklyCommercialLiteraryandGeneralAdvertiser_0001
247	423	428	1814	06	18	Jackson’s Oxford Journal	1814.06.18_Jackson'sOxfordJournal_0004	1814	06	04	Jackson’s Oxford Journal	1814.06.04_Jackson'sOxfordJournal_0004
477	759	786	1814	06	18	Jackson’s Oxford Journal	1814.06.18_Jackson'sOxfordJournal_0004	1814	06	11	Jackson’s Oxford Journal	1814.06.11_Jackson'sOxfordJournal_0004
501	823	796	1814	06	18	Ipswich Journal	1814.06.18_TheIpswichJournal_0001	1814	06	04	Ipswich Journal	1814.06.04_TheIpswichJournal_0001
833	1380	1345	1814	06	18	Ipswich Journal	1814.06.18_TheIpswichJournal_0001	1814	06	11	Ipswich Journal	1814.06.11_TheIpswichJournal_0001
289	433	458	1814	06	18	Ipswich Journal	1814.06.18_TheIpswichJournal_0002	1814	06	16	Morning Chronicle	1814.06.16_TheMorningChronicle_0003
309	498	494	1814	06	18	Ipswich Journal	1814.06.18_TheIpswichJournal_0002	1814	06	18	Caledonian Mercury	1814.06.18_CaledonianMercury_0002
347	555	552	1814	06	18	Leeds Mercury	1814.06.18_TheLeedsMercury_0001	1814	06	04	Leeds Mercury	1814.06.04_TheLeedsMercury_0001
329	560	578	1814	06	18	Leeds Mercury	1814.06.18_TheLeedsMercury_0001	1814	06	04	Leeds Mercury	1814.06.04_TheLeedsMercury_0002
203	325	338	1814	06	18	Leeds Mercury	1814.06.18_TheLeedsMercury_0001	1814	06	04	Leeds Mercury	1814.06.04_TheLeedsMercury_0004
847	1266	1285	1814	06	18	Leeds Mercury	1814.06.18_TheLeedsMercury_0001	1814	06	11	Leeds Mercury	1814.06.11_TheLeedsMercury_0001
397	603	629	1814	06	18	Leeds Mercury	1814.06.18_TheLeedsMercury_0001	1814	06	11	Leeds Mercury	1814.06.11_TheLeedsMercury_0004
207	338	328	1814	06	18	Leeds Mercury	1814.06.18_TheLeedsMercury_0002	1814	06	16	Trewman’s Exeter Flying Post	1814.06.16_Trewman'sExeterFlyingPostorPlymouthandCornishAdvertiser_0004
211	340	340	1814	06	19	Examiner	1814.06.19_TheExaminer_0016	1814	06	15	Morning Chronicle	1814.06.15_TheMorningChronicle_0003
240	392	380	1814	06	20	Caledonian Mercury	1814.06.20_CaledonianMercury_0002	1814	06	17	Morning Chronicle	1814.06.17_TheMorningChronicle_0003
262	381	371	1814	06	21	Hull Packet	1814.06.21_TheHullPacketandOriginalWeeklyCommercialLiteraryandGeneralAdvertiser_0002	1814	06	14	Hull Packet	1814.06.14_TheHullPacketandOriginalWeeklyCommercialLiteraryandGeneralAdvertiser_0002
226	351	361	1814	06	23	Caledonian Mercury	1814.06.23_CaledonianMercury_0002	1814	06	20	Morning Chronicle	1814.06.20_TheMorningChronicle_0003
262	451	463	1814	06	23	Trewman’s Exeter Flying Post	1814.06.23_Trewman'sExeterFlyingPostorPlymouthandCornishAdvertiser_0001	1814	06	09	Trewman’s Exeter Flying Post	1814.06.09_Trewman'sExeterFlyingPostorPlymouthandCornishAdvertiser_0001
346	556	556	1814	06	23	Trewman’s Exeter Flying Post	1814.06.23_Trewman'sExeterFlyingPostorPlymouthandCornishAdvertiser_0001	1814	06	16	Trewman’s Exeter Flying Post	1814.06.16_Trewman'sExeterFlyingPostorPlymouthandCornishAdvertiser_0001
865	1225	1223	1814	06	23	Trewman’s Exeter Flying Post	1814.06.23_Trewman'sExeterFlyingPostorPlymouthandCornishAdvertiser_0003	1814	06	02	Trewman’s Exeter Flying Post	1814.06.02_Trewman'sExeterFlyingPostorPlymouthandCornishAdvertiser_0003
202	324	339	1814	06	23	Trewman’s Exeter Flying Post	1814.06.23_Trewman'sExeterFlyingPostorPlymouthandCornishAdvertiser_0003	1814	06	09	Trewman’s Exeter Flying Post	1814.06.09_Trewman'sExeterFlyingPostorPlymouthandCornishAdvertiser_0001
374	577	573	1814	06	23	Trewman’s Exeter Flying Post	1814.06.23_Trewman'sExeterFlyingPostorPlymouthandCornishAdvertiser_0003	1814	06	09	Trewman’s Exeter Flying Post	1814.06.09_Trewman'sExeterFlyingPostorPlymouthandCornishAdvertiser_0002
944	1305	1306	1814	06	23	Trewman’s Exeter Flying Post	1814.06.23_Trewman'sExeterFlyingPostorPlymouthandCornishAdvertiser_0003	1814	06	09	Trewman’s Exeter Flying Post	1814.06.09_Trewman'sExeterFlyingPostorPlymouthandCornishAdvertiser_0003
214	323	334	1814	06	23	Trewman’s Exeter Flying Post	1814.06.23_Trewman'sExeterFlyingPostorPlymouthandCornishAdvertiser_0003	1814	06	16	Trewman’s Exeter Flying Post	1814.06.16_Trewman'sExeterFlyingPostorPlymouthandCornishAdvertiser_0001
650	963	979	1814	06	23	Trewman’s Exeter Flying Post	1814.06.23_Trewman'sExeterFlyingPostorPlymouthandCornishAdvertiser_0003	1814	06	16	Trewman’s Exeter Flying Post	1814.06.16_Trewman'sExeterFlyingPostorPlymouthandCornishAdvertiser_0002
1104	1554	1564	1814	06	23	Trewman’s Exeter Flying Post	1814.06.23_Trewman'sExeterFlyingPostorPlymouthandCornishAdvertiser_0003	1814	06	16	Trewman’s Exeter Flying Post	1814.06.16_Trewman'sExeterFlyingPostorPlymouthandCornishAdvertiser_0003
220	325	308	1814	06	24	Liverpool Mercury	1814.06.24_LiverpoolMercuryetc_0003	1814	06	17	Morning Chronicle	1814.06.17_TheMorningChronicle_0003
228	354	355	1814	06	24	Liverpool Mercury	1814.06.24_LiverpoolMercuryetc_0003	1814	06	23	Caledonian Mercury	1814.06.23_CaledonianMercury_0002
235	329	324	1814	06	24	Liverpool Mercury	1814.06.24_LiverpoolMercuryetc_0003	1814	06	23	Trewman’s Exeter Flying Post	1814.06.23_Trewman'sExeterFlyingPostorPlymouthandCornishAdvertiser_0002
559	777	779	1814	06	24	Liverpool Mercury	1814.06.24_LiverpoolMercuryetc_0004	1814	06	10	Liverpool Mercury	1814.06.10_LiverpoolMercuryetc_0004
327	475	467	1814	06	24	Liverpool Mercury	1814.06.24_LiverpoolMercuryetc_0004	1814	06	17	Liverpool Mercury	1814.06.17_LiverpoolMercuryetc_0004
352	529	510	1814	06	24	Liverpool Mercury	1814.06.24_LiverpoolMercuryetc_0006	1814	06	06	Caledonian Mercury	1814.06.06_CaledonianMercury_0004
236	314	301	1814	06	24	Liverpool Mercury	1814.06.24_LiverpoolMercuryetc_0006	1814	06	20	Caledonian Mercury	1814.06.20_CaledonianMercury_0003
229	326	329	1814	06	25	Caledonian Mercury	1814.06.25_CaledonianMercury_0002	1814	06	22	Morning Chronicle	1814.06.22_TheMorningChronicle_0002
281	371	369	1814	06	25	Caledonian Mercury	1814.06.25_CaledonianMercury_0003	1814	06	20	Morning Chronicle	1814.06.20_TheMorningChronicle_0003
237	392	388	1814	06	25	Cobbett’s Weekly Political Register	1814.06.25_Cobbett'sWeeklyPoliticalRegister_0009	1814	06	25	Caledonian Mercury	1814.06.25_CaledonianMercury_0004
271	398	395	1814	06	25	Ipswich Journal	1814.06.25_TheIpswichJournal_0001	1814	06	04	Ipswich Journal	1814.06.04_TheIpswichJournal_0001
666	979	970	1814	06	25	Ipswich Journal	1814.06.25_TheIpswichJournal_0001	1814	06	11	Ipswich Journal	1814.06.11_TheIpswichJournal_0001
268	403	433	1814	06	25	Ipswich Journal	1814.06.25_TheIpswichJournal_0001	1814	06	14	Hull Packet	1814.06.14_TheHullPacketandOriginalWeeklyCommercialLiteraryandGeneralAdvertiser_0001
906	1437	1447	1814	06	25	Ipswich Journal	1814.06.25_TheIpswichJournal_0001	1814	06	18	Ipswich Journal	1814.06.18_TheIpswichJournal_0001
1038	1576	1598	1814	06	25	Ipswich Journal	1814.06.25_TheIpswichJournal_0001	1814	06	18	Ipswich Journal	1814.06.18_TheIpswichJournal_0003
352	548	548	1814	06	25	Leeds Mercury	1814.06.25_TheLeedsMercury_0001	1814	06	04	Leeds Mercury	1814.06.04_TheLeedsMercury_0001
796	1181	1211	1814	06	25	Leeds Mercury	1814.06.25_TheLeedsMercury_0001	1814	06	11	Leeds Mercury	1814.06.11_TheLeedsMercury_0001
200	339	323	1814	06	25	Leeds Mercury	1814.06.25_TheLeedsMercury_0001	1814	06	11	Leeds Mercury	1814.06.11_TheLeedsMercury_0003
894	1438	1443	1814	06	25	Leeds Mercury	1814.06.25_TheLeedsMercury_0001	1814	06	18	Leeds Mercury	1814.06.18_TheLeedsMercury_0001
485	778	772	1814	06	25	Leeds Mercury	1814.06.25_TheLeedsMercury_0002	1814	06	23	Caledonian Mercury	1814.06.23_CaledonianMercury_0002
340	550	530	1814	06	25	Leeds Mercury	1814.06.25_TheLeedsMercury_0002	1814	06	23	Caledonian Mercury	1814.06.23_CaledonianMercury_0003
200	339	330	1814	06	25	Leeds Mercury	1814.06.25_TheLeedsMercury_0004	1814	06	04	Leeds Mercury	1814.06.04_TheLeedsMercury_0004
261	392	386	1814	06	25	Leeds Mercury	1814.06.25_TheLeedsMercury_0004	1814	06	11	Leeds Mercury	1814.06.11_TheLeedsMercury_0004
292	494	472	1814	06	25	Leeds Mercury	1814.06.25_TheLeedsMercury_0004	1814	06	18	Leeds Mercury	1814.06.18_TheLeedsMercury_0001
254	447	439	1814	06	25	Leeds Mercury	1814.06.25_TheLeedsMercury_0004	1814	06	18	Leeds Mercury	1814.06.18_TheLeedsMercury_0002
313	536	521	1814	06	25	Leeds Mercury	1814.06.25_TheLeedsMercury_0004	1814	06	18	Leeds Mercury	1814.06.18_TheLeedsMercury_0004
221	324	326	1814	06	27	Caledonian Mercury	1814.06.27_CaledonianMercury_0003	1814	06	26	Examiner	1814.06.26_TheExaminer_0011
434	700	702	1814	06	27	Caledonian Mercury	1814.06.27_CaledonianMercury_0004	1814	06	25	Jackson’s Oxford Journal	1814.06.25_Jackson'sOxfordJournal_0002
299	446	452	1814	06	30	Caledonian Mercury	1814.06.30_CaledonianMercury_0002	1814	06	27	Morning Chronicle	1814.06.27_TheMorningChronicle_0003
328	580	575	1814	06	30	Derby Mercury	1814.06.30_TheDerbyMercury_0001	1814	06	23	Derby Mercury	1814.06.23_TheDerbyMercury_0001
268	411	423	1814	06	30	Trewman’s Exeter Flying Post	1814.06.30_Trewman'sExeterFlyingPostorPlymouthandCornishAdvertiser_0001	1814	06	02	Trewman’s Exeter Flying Post	1814.06.02_Trewman'sExeterFlyingPostorPlymouthandCornishAdvertiser_0001
270	446	450	1814	06	30	Trewman’s Exeter Flying Post	1814.06.30_Trewman'sExeterFlyingPostorPlymouthandCornishAdvertiser_0001	1814	06	16	Trewman’s Exeter Flying Post	1814.06.16_Trewman'sExeterFlyingPostorPlymouthandCornishAdvertiser_0001
258	396	399	1814	06	30	Trewman’s Exeter Flying Post	1814.06.30_Trewman'sExeterFlyingPostorPlymouthandCornishAdvertiser_0001	1814	06	16	Trewman’s Exeter Flying Post	1814.06.16_Trewman'sExeterFlyingPostorPlymouthandCornishAdvertiser_0002
327	537	536	1814	06	30	Trewman’s Exeter Flying Post	1814.06.30_Trewman'sExeterFlyingPostorPlymouthandCornishAdvertiser_0001	1814	06	23	Trewman’s Exeter Flying Post	1814.06.23_Trewman'sExeterFlyingPostorPlymouthandCornishAdvertiser_0001
353	524	526	1814	06	30	Trewman’s Exeter Flying Post	1814.06.30_Trewman'sExeterFlyingPostorPlymouthandCornishAdvertiser_0002	1814	06	02	Trewman’s Exeter Flying Post	1814.06.02_Trewman'sExeterFlyingPostorPlymouthandCornishAdvertiser_0003
404	596	596	1814	06	30	Trewman’s Exeter Flying Post	1814.06.30_Trewman'sExeterFlyingPostorPlymouthandCornishAdvertiser_0002	1814	06	09	Trewman’s Exeter Flying Post	1814.06.09_Trewman'sExeterFlyingPostorPlymouthandCornishAdvertiser_0003
310	490	491	1814	06	30	Trewman’s Exeter Flying Post	1814.06.30_Trewman'sExeterFlyingPostorPlymouthandCornishAdvertiser_0002	1814	06	16	Trewman’s Exeter Flying Post	1814.06.16_Trewman'sExeterFlyingPostorPlymouthandCornishAdvertiser_0003
767	1206	1203	1814	06	30	Trewman’s Exeter Flying Post	1814.06.30_Trewman'sExeterFlyingPostorPlymouthandCornishAdvertiser_0002	1814	06	23	Trewman’s Exeter Flying Post	1814.06.23_Trewman'sExeterFlyingPostorPlymouthandCornishAdvertiser_0003
201	297	305	1814	06	30	Trewman’s Exeter Flying Post	1814.06.30_Trewman'sExeterFlyingPostorPlymouthandCornishAdvertiser_0003	1814	06	09	Trewman’s Exeter Flying Post	1814.06.09_Trewman'sExeterFlyingPostorPlymouthandCornishAdvertiser_0001
204	343	348	1814	06	30	Trewman’s Exeter Flying Post	1814.06.30_Trewman'sExeterFlyingPostorPlymouthandCornishAdvertiser_0003	1814	06	16	Trewman’s Exeter Flying Post	1814.06.16_Trewman'sExeterFlyingPostorPlymouthandCornishAdvertiser_0001
678	1058	1094	1814	06	30	Trewman’s Exeter Flying Post	1814.06.30_Trewman'sExeterFlyingPostorPlymouthandCornishAdvertiser_0003	1814	06	16	Trewman’s Exeter Flying Post	1814.06.16_Trewman'sExeterFlyingPostorPlymouthandCornishAdvertiser_0002
325	512	511	1814	06	30	Trewman’s Exeter Flying Post	1814.06.30_Trewman'sExeterFlyingPostorPlymouthandCornishAdvertiser_0003	1814	06	16	Trewman’s Exeter Flying Post	1814.06.16_Trewman'sExeterFlyingPostorPlymouthandCornishAdvertiser_0003
864	1329	1298	1814	06	30	Trewman’s Exeter Flying Post	1814.06.30_Trewman'sExeterFlyingPostorPlymouthandCornishAdvertiser_0003	1814	06	23	Trewman’s Exeter Flying Post	1814.06.23_Trewman'sExeterFlyingPostorPlymouthandCornishAdvertiser_0002
802	1209	1220	1814	06	30	Trewman’s Exeter Flying Post	1814.06.30_Trewman'sExeterFlyingPostorPlymouthandCornishAdvertiser_0003	1814	06	23	Trewman’s Exeter Flying Post	1814.06.23_Trewman'sExeterFlyingPostorPlymouthandCornishAdvertiser_0003
208	314	315	1814	06	30	Trewman’s Exeter Flying Post	1814.06.30_Trewman'sExeterFlyingPostorPlymouthandCornishAdvertiser_0004	1814	06	09	Trewman’s Exeter Flying Post	1814.06.09_Trewman'sExeterFlyingPostorPlymouthandCornishAdvertiser_0002
409	593	602	1814	06	30	Trewman’s Exeter Flying Post	1814.06.30_Trewman'sExeterFlyingPostorPlymouthandCornishAdvertiser_0004	1814	06	30	Caledonian Mercury	1814.06.30_CaledonianMercury_0002
274	440	446	1814	07	01	Liverpool Mercury	1814.07.01_LiverpoolMercuryetc_0003	1814	06	27	Morning Chronicle	1814.06.27_TheMorningChronicle_0003
278	428	419	1814	07	01	Liverpool Mercury	1814.07.01_LiverpoolMercuryetc_0003	1814	06	30	Caledonian Mercury	1814.06.30_CaledonianMercury_0001
541	807	796	1814	07	01	Liverpool Mercury	1814.07.01_LiverpoolMercuryetc_0003	1814	06	30	Derby Mercury	1814.06.30_TheDerbyMercury_0004
207	303	306	1814	07	01	Liverpool Mercury	1814.07.01_LiverpoolMercuryetc_0004	1814	06	10	Liverpool Mercury	1814.06.10_LiverpoolMercuryetc_0004
244	363	336	1814	07	01	Liverpool Mercury	1814.07.01_LiverpoolMercuryetc_0004	1814	06	17	Liverpool Mercury	1814.06.17_LiverpoolMercuryetc_0004
227	327	328	1814	07	01	Liverpool Mercury	1814.07.01_LiverpoolMercuryetc_0004	1814	06	24	Liverpool Mercury	1814.06.24_LiverpoolMercuryetc_0004
275	423	420	1814	07	02	Jackson’s Oxford Journal	1814.07.02_Jackson'sOxfordJournal_0004	1814	06	04	Jackson’s Oxford Journal	1814.06.04_Jackson'sOxfordJournal_0001
230	376	382	1814	07	02	Jackson’s Oxford Journal	1814.07.02_Jackson'sOxfordJournal_0004	1814	06	04	Jackson’s Oxford Journal	1814.06.04_Jackson'sOxfordJournal_0004
218	365	363	1814	07	02	Jackson’s Oxford Journal	1814.07.02_Jackson'sOxfordJournal_0004	1814	06	11	Jackson’s Oxford Journal	1814.06.11_Jackson'sOxfordJournal_0004
293	469	464	1814	07	02	Jackson’s Oxford Journal	1814.07.02_Jackson'sOxfordJournal_0004	1814	06	25	Jackson’s Oxford Journal	1814.06.25_Jackson'sOxfordJournal_0002
298	496	499	1814	07	02	Ipswich Journal	1814.07.02_TheIpswichJournal_0001	1814	06	18	Ipswich Journal	1814.06.18_TheIpswichJournal_0001
575	890	888	1814	07	02	Ipswich Journal	1814.07.02_TheIpswichJournal_0001	1814	06	25	Ipswich Journal	1814.06.25_TheIpswichJournal_0001
435	719	719	1814	07	02	Ipswich Journal	1814.07.02_TheIpswichJournal_0001	1814	06	25	Ipswich Journal	1814.06.25_TheIpswichJournal_0003
475	687	685	1814	07	02	Leeds Mercury	1814.07.02_TheLeedsMercury_0001	1814	06	11	Leeds Mercury	1814.06.11_TheLeedsMercury_0001
549	891	884	1814	07	02	Leeds Mercury	1814.07.02_TheLeedsMercury_0001	1814	06	18	Leeds Mercury	1814.06.18_TheLeedsMercury_0001
1360	2136	2094	1814	07	02	Leeds Mercury	1814.07.02_TheLeedsMercury_0001	1814	06	25	Leeds Mercury	1814.06.25_TheLeedsMercury_0001
301	529	534	1814	07	02	Leeds Mercury	1814.07.02_TheLeedsMercury_0001	1814	06	25	Leeds Mercury	1814.06.25_TheLeedsMercury_0002
339	508	521	1814	07	02	Leeds Mercury	1814.07.02_TheLeedsMercury_0001	1814	06	25	Leeds Mercury	1814.06.25_TheLeedsMercury_0003
252	393	392	1814	07	02	Leeds Mercury	1814.07.02_TheLeedsMercury_0001	1814	06	25	Leeds Mercury	1814.06.25_TheLeedsMercury_0004
220	314	306	1814	07	02	Leeds Mercury	1814.07.02_TheLeedsMercury_0003	1814	06	27	Caledonian Mercury	1814.06.27_CaledonianMercury_0003
245	355	366	1814	07	02	Leeds Mercury	1814.07.02_TheLeedsMercury_0004	1814	06	11	Leeds Mercury	1814.06.11_TheLeedsMercury_0004
213	351	349	1814	07	02	Leeds Mercury	1814.07.02_TheLeedsMercury_0004	1814	06	18	Leeds Mercury	1814.06.18_TheLeedsMercury_0004
253	383	381	1814	07	02	Leeds Mercury	1814.07.02_TheLeedsMercury_0004	1814	06	25	Leeds Mercury	1814.06.25_TheLeedsMercury_0001
723	1097	1144	1814	07	02	Leeds Mercury	1814.07.02_TheLeedsMercury_0004	1814	06	25	Leeds Mercury	1814.06.25_TheLeedsMercury_0004
532	824	859	1814	07	02	Leeds Mercury	1814.07.02_TheLeedsMercury_0004	1814	06	27	Morning Chronicle	1814.06.27_TheMorningChronicle_0003
705	952	965	1814	07	02	Leeds Mercury	1814.07.02_TheLeedsMercury_0004	1814	06	30	Caledonian Mercury	1814.06.30_CaledonianMercury_0002
339	547	546	1814	07	02	Leeds Mercury	1814.07.02_TheLeedsMercury_0004	1814	06	30	Derby Mercury	1814.06.30_TheDerbyMercury_0004
531	783	772	1814	07	02	Leeds Mercury	1814.07.02_TheLeedsMercury_0004	1814	06	30	Trewman’s Exeter Flying Post	1814.06.30_Trewman'sExeterFlyingPostorPlymouthandCornishAdvertiser_0004
318	545	538	1814	07	04	Caledonian Mercury	1814.07.04_CaledonianMercury_0001	1814	06	20	Caledonian Mercury	1814.06.20_CaledonianMercury_0001
232	399	393	1814	07	04	Caledonian Mercury	1814.07.04_CaledonianMercury_0001	1814	06	30	Caledonian Mercury	1814.06.30_CaledonianMercury_0004
491	718	715	1814	07	04	Caledonian Mercury	1814.07.04_CaledonianMercury_0004	1814	06	18	Cobbett’s Weekly Political Register	1814.06.18_Cobbett'sWeeklyPoliticalRegister_0003
333	481	474	1814	07	04	Caledonian Mercury	1814.07.04_CaledonianMercury_0004	1814	06	18	Cobbett’s Weekly Political Register	1814.06.18_Cobbett'sWeeklyPoliticalRegister_0004
260	453	444	1814	07	04	Caledonian Mercury	1814.07.04_CaledonianMercury_0004	1814	06	20	Caledonian Mercury	1814.06.20_CaledonianMercury_0001
468	657	661	1814	07	04	Caledonian Mercury	1814.07.04_CaledonianMercury_0004	1814	06	25	Cobbett’s Weekly Political Register	1814.06.25_Cobbett'sWeeklyPoliticalRegister_0010
350	525	508	1814	07	04	Caledonian Mercury	1814.07.04_CaledonianMercury_0004	1814	06	25	Cobbett’s Weekly Political Register	1814.06.25_Cobbett'sWeeklyPoliticalRegister_0011
206	307	290	1814	07	05	Hull Packet	1814.07.05_TheHullPacketandOriginalWeeklyCommercialLiteraryandGeneralAdvertiser_0001	1814	06	25	Jackson’s Oxford Journal	1814.06.25_Jackson'sOxfordJournal_0002
341	563	566	1814	07	05	Hull Packet	1814.07.05_TheHullPacketandOriginalWeeklyCommercialLiteraryandGeneralAdvertiser_0002	1814	06	21	Hull Packet	1814.06.21_TheHullPacketandOriginalWeeklyCommercialLiteraryandGeneralAdvertiser_0002
465	785	796	1814	07	07	Derby Mercury	1814.07.07_TheDerbyMercury_0001	1814	06	30	Derby Mercury	1814.06.30_TheDerbyMercury_0001
299	483	489	1814	07	07	Trewman’s Exeter Flying Post	1814.07.07_Trewman'sExeterFlyingPostorPlymouthandCornishAdvertiser_0002	1814	06	30	Trewman’s Exeter Flying Post	1814.06.30_Trewman'sExeterFlyingPostorPlymouthandCornishAdvertiser_0001
280	432	440	1814	07	07	Trewman’s Exeter Flying Post	1814.07.07_Trewman'sExeterFlyingPostorPlymouthandCornishAdvertiser_0003	1814	06	02	Trewman’s Exeter Flying Post	1814.06.02_Trewman'sExeterFlyingPostorPlymouthandCornishAdvertiser_0001
461	728	734	1814	07	07	Trewman’s Exeter Flying Post	1814.07.07_Trewman'sExeterFlyingPostorPlymouthandCornishAdvertiser_0003	1814	06	02	Trewman’s Exeter Flying Post	1814.06.02_Trewman'sExeterFlyingPostorPlymouthandCornishAdvertiser_0003
259	388	396	1814	07	07	Trewman’s Exeter Flying Post	1814.07.07_Trewman'sExeterFlyingPostorPlymouthandCornishAdvertiser_0003	1814	06	09	Trewman’s Exeter Flying Post	1814.06.09_Trewman'sExeterFlyingPostorPlymouthandCornishAdvertiser_0001
511	805	818	1814	07	07	Trewman’s Exeter Flying Post	1814.07.07_Trewman'sExeterFlyingPostorPlymouthandCornishAdvertiser_0003	1814	06	09	Trewman’s Exeter Flying Post	1814.06.09_Trewman'sExeterFlyingPostorPlymouthandCornishAdvertiser_0003
355	505	506	1814	07	07	Trewman’s Exeter Flying Post	1814.07.07_Trewman'sExeterFlyingPostorPlymouthandCornishAdvertiser_0003	1814	06	16	Trewman’s Exeter Flying Post	1814.06.16_Trewman'sExeterFlyingPostorPlymouthandCornishAdvertiser_0001
487	702	715	1814	07	07	Trewman’s Exeter Flying Post	1814.07.07_Trewman'sExeterFlyingPostorPlymouthandCornishAdvertiser_0003	1814	06	16	Trewman’s Exeter Flying Post	1814.06.16_Trewman'sExeterFlyingPostorPlymouthandCornishAdvertiser_0002
491	761	774	1814	07	07	Trewman’s Exeter Flying Post	1814.07.07_Trewman'sExeterFlyingPostorPlymouthandCornishAdvertiser_0003	1814	06	16	Trewman’s Exeter Flying Post	1814.06.16_Trewman'sExeterFlyingPostorPlymouthandCornishAdvertiser_0003
517	805	797	1814	07	07	Trewman’s Exeter Flying Post	1814.07.07_Trewman'sExeterFlyingPostorPlymouthandCornishAdvertiser_0003	1814	06	23	Trewman’s Exeter Flying Post	1814.06.23_Trewman'sExeterFlyingPostorPlymouthandCornishAdvertiser_0001
863	1289	1313	1814	07	07	Trewman’s Exeter Flying Post	1814.07.07_Trewman'sExeterFlyingPostorPlymouthandCornishAdvertiser_0003	1814	06	23	Trewman’s Exeter Flying Post	1814.06.23_Trewman'sExeterFlyingPostorPlymouthandCornishAdvertiser_0003
588	891	891	1814	07	07	Trewman’s Exeter Flying Post	1814.07.07_Trewman'sExeterFlyingPostorPlymouthandCornishAdvertiser_0003	1814	06	30	Trewman’s Exeter Flying Post	1814.06.30_Trewman'sExeterFlyingPostorPlymouthandCornishAdvertiser_0001
409	679	680	1814	07	07	Trewman’s Exeter Flying Post	1814.07.07_Trewman'sExeterFlyingPostorPlymouthandCornishAdvertiser_0003	1814	06	30	Trewman’s Exeter Flying Post	1814.06.30_Trewman'sExeterFlyingPostorPlymouthandCornishAdvertiser_0002
684	1031	1059	1814	07	07	Trewman’s Exeter Flying Post	1814.07.07_Trewman'sExeterFlyingPostorPlymouthandCornishAdvertiser_0003	1814	06	30	Trewman’s Exeter Flying Post	1814.06.30_Trewman'sExeterFlyingPostorPlymouthandCornishAdvertiser_0003
253	428	427	1814	07	09	Caledonian Mercury	1814.07.09_CaledonianMercury_0001	1814	06	18	Caledonian Mercury	1814.06.18_CaledonianMercury_0001
232	338	341	1814	07	09	Caledonian Mercury	1814.07.09_CaledonianMercury_0001	1814	06	25	Caledonian Mercury	1814.06.25_CaledonianMercury_0004
286	462	473	1814	07	09	Ipswich Journal	1814.07.09_TheIpswichJournal_0001	1814	06	25	Ipswich Journal	1814.06.25_TheIpswichJournal_0001
238	389	387	1814	07	09	Ipswich Journal	1814.07.09_TheIpswichJournal_0001	1814	06	25	Ipswich Journal	1814.06.25_TheIpswichJournal_0002
236	395	391	1814	07	09	Ipswich Journal	1814.07.09_TheIpswichJournal_0001	1814	06	25	Ipswich Journal	1814.06.25_TheIpswichJournal_0003
552	853	840	1814	07	09	Leeds Mercury	1814.07.09_TheLeedsMercury_0001	1814	06	11	Leeds Mercury	1814.06.11_TheLeedsMercury_0001
433	707	689	1814	07	09	Leeds Mercury	1814.07.09_TheLeedsMercury_0001	1814	06	18	Leeds Mercury	1814.06.18_TheLeedsMercury_0001
686	1125	1107	1814	07	09	Leeds Mercury	1814.07.09_TheLeedsMercury_0001	1814	06	25	Leeds Mercury	1814.06.25_TheLeedsMercury_0001
221	330	341	1814	07	09	Leeds Mercury	1814.07.09_TheLeedsMercury_0001	1814	06	25	Leeds Mercury	1814.06.25_TheLeedsMercury_0003
204	330	320	1814	07	09	Leeds Mercury	1814.07.09_TheLeedsMercury_0004	1814	06	18	Leeds Mercury	1814.06.18_TheLeedsMercury_0004
520	812	831	1814	07	09	Leeds Mercury	1814.07.09_TheLeedsMercury_0004	1814	06	25	Leeds Mercury	1814.06.25_TheLeedsMercury_0004
259	445	431	1814	07	11	Caledonian Mercury	1814.07.11_CaledonianMercury_0001	1814	06	20	Caledonian Mercury	1814.06.20_CaledonianMercury_0001
232	355	361	1814	07	12	Hull Packet	1814.07.12_TheHullPacketandOriginalWeeklyCommercialLiteraryandGeneralAdvertiser_0002	1814	06	21	Hull Packet	1814.06.21_TheHullPacketandOriginalWeeklyCommercialLiteraryandGeneralAdvertiser_0002
244	390	402	1814	07	14	Derby Mercury	1814.07.14_TheDerbyMercury_0001	1814	06	21	Hull Packet	1814.06.21_TheHullPacketandOriginalWeeklyCommercialLiteraryandGeneralAdvertiser_0001
231	398	390	1814	07	14	Derby Mercury	1814.07.14_TheDerbyMercury_0002	1814	06	30	Derby Mercury	1814.06.30_TheDerbyMercury_0001
271	474	471	1814	07	14	Trewman’s Exeter Flying Post	1814.07.14_Trewman'sExeterFlyingPostorPlymouthandCornishAdvertiser_0002	1814	06	16	Trewman’s Exeter Flying Post	1814.06.16_Trewman'sExeterFlyingPostorPlymouthandCornishAdvertiser_0002
230	388	385	1814	07	14	Trewman’s Exeter Flying Post	1814.07.14_Trewman'sExeterFlyingPostorPlymouthandCornishAdvertiser_0002	1814	06	30	Trewman’s Exeter Flying Post	1814.06.30_Trewman'sExeterFlyingPostorPlymouthandCornishAdvertiser_0001
504	703	693	1814	07	14	Trewman’s Exeter Flying Post	1814.07.14_Trewman'sExeterFlyingPostorPlymouthandCornishAdvertiser_0003	1814	06	02	Trewman’s Exeter Flying Post	1814.06.02_Trewman'sExeterFlyingPostorPlymouthandCornishAdvertiser_0003
447	586	578	1814	07	14	Trewman’s Exeter Flying Post	1814.07.14_Trewman'sExeterFlyingPostorPlymouthandCornishAdvertiser_0003	1814	06	09	Trewman’s Exeter Flying Post	1814.06.09_Trewman'sExeterFlyingPostorPlymouthandCornishAdvertiser_0003
462	648	640	1814	07	14	Trewman’s Exeter Flying Post	1814.07.14_Trewman'sExeterFlyingPostorPlymouthandCornishAdvertiser_0003	1814	06	16	Trewman’s Exeter Flying Post	1814.06.16_Trewman'sExeterFlyingPostorPlymouthandCornishAdvertiser_0003
495	708	693	1814	07	14	Trewman’s Exeter Flying Post	1814.07.14_Trewman'sExeterFlyingPostorPlymouthandCornishAdvertiser_0003	1814	06	23	Trewman’s Exeter Flying Post	1814.06.23_Trewman'sExeterFlyingPostorPlymouthandCornishAdvertiser_0003
522	779	772	1814	07	14	Trewman’s Exeter Flying Post	1814.07.14_Trewman'sExeterFlyingPostorPlymouthandCornishAdvertiser_0003	1814	06	30	Trewman’s Exeter Flying Post	1814.06.30_Trewman'sExeterFlyingPostorPlymouthandCornishAdvertiser_0002
247	425	416	1814	07	16	Caledonian Mercury	1814.07.16_CaledonianMercury_0001	1814	06	18	Caledonian Mercury	1814.06.18_CaledonianMercury_0001
244	362	363	1814	07	16	Caledonian Mercury	1814.07.16_CaledonianMercury_0001	1814	06	25	Caledonian Mercury	1814.06.25_CaledonianMercury_0004
252	399	403	1814	07	16	Jackson’s Oxford Journal	1814.07.16_Jackson'sOxfordJournal_0004	1814	06	04	Jackson’s Oxford Journal	1814.06.04_Jackson'sOxfordJournal_0004
307	516	503	1814	07	16	Jackson’s Oxford Journal	1814.07.16_Jackson'sOxfordJournal_0004	1814	06	11	Jackson’s Oxford Journal	1814.06.11_Jackson'sOxfordJournal_0004
259	412	403	1814	07	16	Jackson’s Oxford Journal	1814.07.16_Jackson'sOxfordJournal_0004	1814	06	25	Jackson’s Oxford Journal	1814.06.25_Jackson'sOxfordJournal_0002
244	370	359	1814	07	16	Leeds Mercury	1814.07.16_TheLeedsMercury_0001	1814	06	25	Leeds Mercury	1814.06.25_TheLeedsMercury_0001
229	357	354	1814	07	16	Leeds Mercury	1814.07.16_TheLeedsMercury_0004	1814	06	04	Leeds Mercury	1814.06.04_TheLeedsMercury_0001
217	340	351	1814	07	16	Leeds Mercury	1814.07.16_TheLeedsMercury_0004	1814	06	04	Leeds Mercury	1814.06.04_TheLeedsMercury_0004
320	471	490	1814	07	16	Leeds Mercury	1814.07.16_TheLeedsMercury_0004	1814	06	11	Leeds Mercury	1814.06.11_TheLeedsMercury_0001
250	383	393	1814	07	16	Leeds Mercury	1814.07.16_TheLeedsMercury_0004	1814	06	18	Leeds Mercury	1814.06.18_TheLeedsMercury_0001
219	353	356	1814	07	16	Leeds Mercury	1814.07.16_TheLeedsMercury_0004	1814	06	18	Leeds Mercury	1814.06.18_TheLeedsMercury_0004
526	791	790	1814	07	16	Leeds Mercury	1814.07.16_TheLeedsMercury_0004	1814	06	25	Leeds Mercury	1814.06.25_TheLeedsMercury_0001
538	816	850	1814	07	16	Leeds Mercury	1814.07.16_TheLeedsMercury_0004	1814	06	25	Leeds Mercury	1814.06.25_TheLeedsMercury_0004
441	708	702	1814	07	18	Caledonian Mercury	1814.07.18_CaledonianMercury_0001	1814	06	20	Caledonian Mercury	1814.06.20_CaledonianMercury_0001
225	368	355	1814	07	18	Caledonian Mercury	1814.07.18_CaledonianMercury_0001	1814	06	27	Caledonian Mercury	1814.06.27_CaledonianMercury_0001
210	305	308	1814	07	19	Hull Packet	1814.07.19_TheHullPacketandOriginalWeeklyCommercialLiteraryandGeneralAdvertiser_0004	1814	06	14	Hull Packet	1814.06.14_TheHullPacketandOriginalWeeklyCommercialLiteraryandGeneralAdvertiser_0004
296	421	442	1814	07	19	Hull Packet	1814.07.19_TheHullPacketandOriginalWeeklyCommercialLiteraryandGeneralAdvertiser_0004	1814	06	21	Hull Packet	1814.06.21_TheHullPacketandOriginalWeeklyCommercialLiteraryandGeneralAdvertiser_0004
218	361	356	1814	07	21	Trewman’s Exeter Flying Post	1814.07.21_Trewman'sExeterFlyingPostorPlymouthandCornishAdvertiser_0001	1814	06	23	Trewman’s Exeter Flying Post	1814.06.23_Trewman'sExeterFlyingPostorPlymouthandCornishAdvertiser_0003
256	394	382	1814	07	21	Trewman’s Exeter Flying Post	1814.07.21_Trewman'sExeterFlyingPostorPlymouthandCornishAdvertiser_0001	1814	06	30	Trewman’s Exeter Flying Post	1814.06.30_Trewman'sExeterFlyingPostorPlymouthandCornishAdvertiser_0003
243	339	343	1814	07	21	Trewman’s Exeter Flying Post	1814.07.21_Trewman'sExeterFlyingPostorPlymouthandCornishAdvertiser_0003	1814	06	09	Trewman’s Exeter Flying Post	1814.06.09_Trewman'sExeterFlyingPostorPlymouthandCornishAdvertiser_0003
460	744	738	1814	07	21	Trewman’s Exeter Flying Post	1814.07.21_Trewman'sExeterFlyingPostorPlymouthandCornishAdvertiser_0003	1814	06	16	Trewman’s Exeter Flying Post	1814.06.16_Trewman'sExeterFlyingPostorPlymouthandCornishAdvertiser_0001
210	325	332	1814	07	23	Caledonian Mercury	1814.07.23_CaledonianMercury_0004	1814	06	25	Caledonian Mercury	1814.06.25_CaledonianMercury_0004
332	539	547	1814	07	23	Jackson’s Oxford Journal	1814.07.23_Jackson'sOxfordJournal_0004	1814	06	04	Jackson’s Oxford Journal	1814.06.04_Jackson'sOxfordJournal_0004
347	597	596	1814	07	23	Jackson’s Oxford Journal	1814.07.23_Jackson'sOxfordJournal_0004	1814	06	11	Jackson’s Oxford Journal	1814.06.11_Jackson'sOxfordJournal_0004
202	346	338	1814	07	23	Jackson’s Oxford Journal	1814.07.23_Jackson'sOxfordJournal_0004	1814	06	25	Jackson’s Oxford Journal	1814.06.25_Jackson'sOxfordJournal_0002
237	362	360	1814	07	23	Leeds Mercury	1814.07.23_TheLeedsMercury_0001	1814	06	11	Leeds Mercury	1814.06.11_TheLeedsMercury_0001
200	314	299	1814	07	23	Leeds Mercury	1814.07.23_TheLeedsMercury_0001	1814	06	18	Leeds Mercury	1814.06.18_TheLeedsMercury_0001
409	615	596	1814	07	23	Leeds Mercury	1814.07.23_TheLeedsMercury_0001	1814	06	25	Leeds Mercury	1814.06.25_TheLeedsMercury_0001
208	320	314	1814	07	23	Leeds Mercury	1814.07.23_TheLeedsMercury_0004	1814	06	11	Leeds Mercury	1814.06.11_TheLeedsMercury_0001
431	720	712	1814	07	23	Leeds Mercury	1814.07.23_TheLeedsMercury_0004	1814	06	25	Leeds Mercury	1814.06.25_TheLeedsMercury_0004
214	317	301	1814	07	28	Caledonian Mercury	1814.07.28_CaledonianMercury_0003	1814	06	30	Caledonian Mercury	1814.06.30_CaledonianMercury_0003
294	496	487	1814	07	28	Trewman’s Exeter Flying Post	1814.07.28_Trewman'sExeterFlyingPostorPlymouthandCornishAdvertiser_0002	1814	06	02	Trewman’s Exeter Flying Post	1814.06.02_Trewman'sExeterFlyingPostorPlymouthandCornishAdvertiser_0003
297	495	487	1814	07	28	Trewman’s Exeter Flying Post	1814.07.28_Trewman'sExeterFlyingPostorPlymouthandCornishAdvertiser_0002	1814	06	09	Trewman’s Exeter Flying Post	1814.06.09_Trewman'sExeterFlyingPostorPlymouthandCornishAdvertiser_0003
341	554	550	1814	07	28	Trewman’s Exeter Flying Post	1814.07.28_Trewman'sExeterFlyingPostorPlymouthandCornishAdvertiser_0002	1814	06	16	Trewman’s Exeter Flying Post	1814.06.16_Trewman'sExeterFlyingPostorPlymouthandCornishAdvertiser_0003
452	733	730	1814	07	28	Trewman’s Exeter Flying Post	1814.07.28_Trewman'sExeterFlyingPostorPlymouthandCornishAdvertiser_0002	1814	06	23	Trewman’s Exeter Flying Post	1814.06.23_Trewman'sExeterFlyingPostorPlymouthandCornishAdvertiser_0003
417	628	628	1814	07	28	Trewman’s Exeter Flying Post	1814.07.28_Trewman'sExeterFlyingPostorPlymouthandCornishAdvertiser_0003	1814	06	16	Trewman’s Exeter Flying Post	1814.06.16_Trewman'sExeterFlyingPostorPlymouthandCornishAdvertiser_0003
290	424	423	1814	07	28	Trewman’s Exeter Flying Post	1814.07.28_Trewman'sExeterFlyingPostorPlymouthandCornishAdvertiser_0003	1814	06	23	Trewman’s Exeter Flying Post	1814.06.23_Trewman'sExeterFlyingPostorPlymouthandCornishAdvertiser_0003
258	378	378	1814	07	28	Trewman’s Exeter Flying Post	1814.07.28_Trewman'sExeterFlyingPostorPlymouthandCornishAdvertiser_0003	1814	06	30	Trewman’s Exeter Flying Post	1814.06.30_Trewman'sExeterFlyingPostorPlymouthandCornishAdvertiser_0003
215	355	358	1814	07	30	Caledonian Mercury	1814.07.30_CaledonianMercury_0004	1814	06	25	Caledonian Mercury	1814.06.25_CaledonianMercury_0004
510	751	762	1814	07	30	Leeds Mercury	1814.07.30_TheLeedsMercury_0001	1814	06	11	Leeds Mercury	1814.06.11_TheLeedsMercury_0001
339	523	494	1814	07	30	Leeds Mercury	1814.07.30_TheLeedsMercury_0001	1814	06	18	Leeds Mercury	1814.06.18_TheLeedsMercury_0001
430	676	632	1814	07	30	Leeds Mercury	1814.07.30_TheLeedsMercury_0001	1814	06	25	Leeds Mercury	1814.06.25_TheLeedsMercury_0001
259	416	414	1814	07	30	Leeds Mercury	1814.07.30_TheLeedsMercury_0004	1814	06	04	Leeds Mercury	1814.06.04_TheLeedsMercury_0004
283	424	421	1814	07	30	Leeds Mercury	1814.07.30_TheLeedsMercury_0004	1814	06	11	Leeds Mercury	1814.06.11_TheLeedsMercury_0004
468	723	714	1814	07	30	Leeds Mercury	1814.07.30_TheLeedsMercury_0004	1814	06	25	Leeds Mercury	1814.06.25_TheLeedsMercury_0004
211	343	335	1814	08	03	Aberdeen Journal	1814.08.03_TheAberdeenJournal_0004	1814	06	25	Caledonian Mercury	1814.06.25_CaledonianMercury_0004
216	324	329	1814	08	04	Trewman’s Exeter Flying Post	1814.08.04_Trewman'sExeterFlyingPostorPlymouthandCornishAdvertiser_0002	1814	06	09	Trewman’s Exeter Flying Post	1814.06.09_Trewman'sExeterFlyingPostorPlymouthandCornishAdvertiser_0002
202	287	288	1814	08	04	Trewman’s Exeter Flying Post	1814.08.04_Trewman'sExeterFlyingPostorPlymouthandCornishAdvertiser_0002	1814	06	16	Trewman’s Exeter Flying Post	1814.06.16_Trewman'sExeterFlyingPostorPlymouthandCornishAdvertiser_0001
205	340	335	1814	08	04	Trewman’s Exeter Flying Post	1814.08.04_Trewman'sExeterFlyingPostorPlymouthandCornishAdvertiser_0002	1814	06	30	Trewman’s Exeter Flying Post	1814.06.30_Trewman'sExeterFlyingPostorPlymouthandCornishAdvertiser_0003
502	663	667	1814	08	04	Trewman’s Exeter Flying Post	1814.08.04_Trewman'sExeterFlyingPostorPlymouthandCornishAdvertiser_0003	1814	06	02	Trewman’s Exeter Flying Post	1814.06.02_Trewman'sExeterFlyingPostorPlymouthandCornishAdvertiser_0003
474	626	626	1814	08	04	Trewman’s Exeter Flying Post	1814.08.04_Trewman'sExeterFlyingPostorPlymouthandCornishAdvertiser_0003	1814	06	09	Trewman’s Exeter Flying Post	1814.06.09_Trewman'sExeterFlyingPostorPlymouthandCornishAdvertiser_0003
469	645	651	1814	08	04	Trewman’s Exeter Flying Post	1814.08.04_Trewman'sExeterFlyingPostorPlymouthandCornishAdvertiser_0003	1814	06	16	Trewman’s Exeter Flying Post	1814.06.16_Trewman'sExeterFlyingPostorPlymouthandCornishAdvertiser_0003
649	874	877	1814	08	04	Trewman’s Exeter Flying Post	1814.08.04_Trewman'sExeterFlyingPostorPlymouthandCornishAdvertiser_0003	1814	06	23	Trewman’s Exeter Flying Post	1814.06.23_Trewman'sExeterFlyingPostorPlymouthandCornishAdvertiser_0003
322	476	476	1814	08	04	Trewman’s Exeter Flying Post	1814.08.04_Trewman'sExeterFlyingPostorPlymouthandCornishAdvertiser_0003	1814	06	30	Trewman’s Exeter Flying Post	1814.06.30_Trewman'sExeterFlyingPostorPlymouthandCornishAdvertiser_0002
242	391	385	1814	08	06	Jackson’s Oxford Journal	1814.08.06_Jackson'sOxfordJournal_0004	1814	06	11	Jackson’s Oxford Journal	1814.06.11_Jackson'sOxfordJournal_0004
318	480	488	1814	08	06	Leeds Mercury	1814.08.06_TheLeedsMercury_0001	1814	06	11	Leeds Mercury	1814.06.11_TheLeedsMercury_0001
201	333	338	1814	08	06	Leeds Mercury	1814.08.06_TheLeedsMercury_0004	1814	06	11	Leeds Mercury	1814.06.11_TheLeedsMercury_0004
575	908	942	1814	08	06	Leeds Mercury	1814.08.06_TheLeedsMercury_0004	1814	06	25	Leeds Mercury	1814.06.25_TheLeedsMercury_0004
222	290	293	1814	08	09	Hull Packet	1814.08.09_TheHullPacketandOriginalWeeklyCommercialLiteraryandGeneralAdvertiser_0004	1814	06	14	Hull Packet	1814.06.14_TheHullPacketandOriginalWeeklyCommercialLiteraryandGeneralAdvertiser_0004
219	367	367	1814	08	11	Trewman’s Exeter Flying Post	1814.08.11_Trewman'sExeterFlyingPostorPlymouthandCornishAdvertiser_0002	1814	06	16	Trewman’s Exeter Flying Post	1814.06.16_Trewman'sExeterFlyingPostorPlymouthandCornishAdvertiser_0002
539	716	712	1814	08	11	Trewman’s Exeter Flying Post	1814.08.11_Trewman'sExeterFlyingPostorPlymouthandCornishAdvertiser_0003	1814	06	02	Trewman’s Exeter Flying Post	1814.06.02_Trewman'sExeterFlyingPostorPlymouthandCornishAdvertiser_0003
209	320	327	1814	08	11	Trewman’s Exeter Flying Post	1814.08.11_Trewman'sExeterFlyingPostorPlymouthandCornishAdvertiser_0003	1814	06	09	Trewman’s Exeter Flying Post	1814.06.09_Trewman'sExeterFlyingPostorPlymouthandCornishAdvertiser_0002
497	652	645	1814	08	11	Trewman’s Exeter Flying Post	1814.08.11_Trewman'sExeterFlyingPostorPlymouthandCornishAdvertiser_0003	1814	06	09	Trewman’s Exeter Flying Post	1814.06.09_Trewman'sExeterFlyingPostorPlymouthandCornishAdvertiser_0003
212	302	306	1814	08	11	Trewman’s Exeter Flying Post	1814.08.11_Trewman'sExeterFlyingPostorPlymouthandCornishAdvertiser_0003	1814	06	16	Trewman’s Exeter Flying Post	1814.06.16_Trewman'sExeterFlyingPostorPlymouthandCornishAdvertiser_0002
459	618	619	1814	08	11	Trewman’s Exeter Flying Post	1814.08.11_Trewman'sExeterFlyingPostorPlymouthandCornishAdvertiser_0003	1814	06	16	Trewman’s Exeter Flying Post	1814.06.16_Trewman'sExeterFlyingPostorPlymouthandCornishAdvertiser_0003
631	864	868	1814	08	11	Trewman’s Exeter Flying Post	1814.08.11_Trewman'sExeterFlyingPostorPlymouthandCornishAdvertiser_0003	1814	06	23	Trewman’s Exeter Flying Post	1814.06.23_Trewman'sExeterFlyingPostorPlymouthandCornishAdvertiser_0003
363	529	528	1814	08	11	Trewman’s Exeter Flying Post	1814.08.11_Trewman'sExeterFlyingPostorPlymouthandCornishAdvertiser_0003	1814	06	30	Trewman’s Exeter Flying Post	1814.06.30_Trewman'sExeterFlyingPostorPlymouthandCornishAdvertiser_0002
346	545	547	1814	08	13	Leeds Mercury	1814.08.13_TheLeedsMercury_0001	1814	06	11	Leeds Mercury	1814.06.11_TheLeedsMercury_0001
355	565	579	1814	08	13	Leeds Mercury	1814.08.13_TheLeedsMercury_0004	1814	06	04	Leeds Mercury	1814.06.04_TheLeedsMercury_0004
228	366	364	1814	08	13	Leeds Mercury	1814.08.13_TheLeedsMercury_0004	1814	06	11	Leeds Mercury	1814.06.11_TheLeedsMercury_0004
265	406	413	1814	08	13	Leeds Mercury	1814.08.13_TheLeedsMercury_0004	1814	06	25	Leeds Mercury	1814.06.25_TheLeedsMercury_0004
278	415	403	1814	08	16	Hull Packet	1814.08.16_TheHullPacketandOriginalWeeklyCommercialLiteraryandGeneralAdvertiser_0004	1814	06	21	Hull Packet	1814.06.21_TheHullPacketandOriginalWeeklyCommercialLiteraryandGeneralAdvertiser_0004
357	486	497	1814	08	18	Trewman’s Exeter Flying Post	1814.08.18_Trewman'sExeterFlyingPostorPlymouthandCornishAdvertiser_0003	1814	06	02	Trewman’s Exeter Flying Post	1814.06.02_Trewman'sExeterFlyingPostorPlymouthandCornishAdvertiser_0003
386	549	559	1814	08	18	Trewman’s Exeter Flying Post	1814.08.18_Trewman'sExeterFlyingPostorPlymouthandCornishAdvertiser_0003	1814	06	09	Trewman’s Exeter Flying Post	1814.06.09_Trewman'sExeterFlyingPostorPlymouthandCornishAdvertiser_0003
450	675	687	1814	08	18	Trewman’s Exeter Flying Post	1814.08.18_Trewman'sExeterFlyingPostorPlymouthandCornishAdvertiser_0003	1814	06	16	Trewman’s Exeter Flying Post	1814.06.16_Trewman'sExeterFlyingPostorPlymouthandCornishAdvertiser_0003
389	577	588	1814	08	18	Trewman’s Exeter Flying Post	1814.08.18_Trewman'sExeterFlyingPostorPlymouthandCornishAdvertiser_0003	1814	06	23	Trewman’s Exeter Flying Post	1814.06.23_Trewman'sExeterFlyingPostorPlymouthandCornishAdvertiser_0003
234	352	350	1814	08	18	Trewman’s Exeter Flying Post	1814.08.18_Trewman'sExeterFlyingPostorPlymouthandCornishAdvertiser_0003	1814	06	30	Trewman’s Exeter Flying Post	1814.06.30_Trewman'sExeterFlyingPostorPlymouthandCornishAdvertiser_0002
405	559	585	1814	08	19	Liverpool Mercury	1814.08.19_LiverpoolMercuryetc_0004	1814	06	10	Liverpool Mercury	1814.06.10_LiverpoolMercuryetc_0004
365	512	536	1814	08	19	Liverpool Mercury	1814.08.19_LiverpoolMercuryetc_0004	1814	06	24	Liverpool Mercury	1814.06.24_LiverpoolMercuryetc_0004
257	392	390	1814	08	20	Caledonian Mercury	1814.08.20_CaledonianMercury_0001	1814	06	25	Caledonian Mercury	1814.06.25_CaledonianMercury_0004
214	366	374	1814	08	20	Jackson’s Oxford Journal	1814.08.20_Jackson'sOxfordJournal_0004	1814	06	11	Jackson’s Oxford Journal	1814.06.11_Jackson'sOxfordJournal_0004
393	606	587	1814	08	20	Leeds Mercury	1814.08.20_TheLeedsMercury_0004	1814	06	11	Leeds Mercury	1814.06.11_TheLeedsMercury_0004
237	374	379	1814	08	20	Leeds Mercury	1814.08.20_TheLeedsMercury_0004	1814	06	25	Leeds Mercury	1814.06.25_TheLeedsMercury_0004
219	335	342	1814	08	25	Trewman’s Exeter Flying Post	1814.08.25_Trewman'sExeterFlyingPostorPlymouthandCornishAdvertiser_0001	1814	06	02	Trewman’s Exeter Flying Post	1814.06.02_Trewman'sExeterFlyingPostorPlymouthandCornishAdvertiser_0003
302	536	528	1814	08	25	Trewman’s Exeter Flying Post	1814.08.25_Trewman'sExeterFlyingPostorPlymouthandCornishAdvertiser_0002	1814	06	02	Trewman’s Exeter Flying Post	1814.06.02_Trewman'sExeterFlyingPostorPlymouthandCornishAdvertiser_0003
239	428	421	1814	08	25	Trewman’s Exeter Flying Post	1814.08.25_Trewman'sExeterFlyingPostorPlymouthandCornishAdvertiser_0002	1814	06	09	Trewman’s Exeter Flying Post	1814.06.09_Trewman'sExeterFlyingPostorPlymouthandCornishAdvertiser_0003
442	744	738	1814	08	25	Trewman’s Exeter Flying Post	1814.08.25_Trewman'sExeterFlyingPostorPlymouthandCornishAdvertiser_0002	1814	06	23	Trewman’s Exeter Flying Post	1814.06.23_Trewman'sExeterFlyingPostorPlymouthandCornishAdvertiser_0003
276	429	427	1814	08	25	Trewman’s Exeter Flying Post	1814.08.25_Trewman'sExeterFlyingPostorPlymouthandCornishAdvertiser_0003	1814	06	16	Trewman’s Exeter Flying Post	1814.06.16_Trewman'sExeterFlyingPostorPlymouthandCornishAdvertiser_0003
515	806	837	1814	08	27	Leeds Mercury	1814.08.27_TheLeedsMercury_0001	1814	06	21	Hull Packet	1814.06.21_TheHullPacketandOriginalWeeklyCommercialLiteraryandGeneralAdvertiser_0001
422	672	645	1814	08	27	Leeds Mercury	1814.08.27_TheLeedsMercury_0004	1814	06	04	Leeds Mercury	1814.06.04_TheLeedsMercury_0004
256	420	406	1814	08	27	Leeds Mercury	1814.08.27_TheLeedsMercury_0004	1814	06	11	Leeds Mercury	1814.06.11_TheLeedsMercury_0004
241	403	394	1814	08	27	Leeds Mercury	1814.08.27_TheLeedsMercury_0004	1814	06	25	Leeds Mercury	1814.06.25_TheLeedsMercury_0004
252	437	419	1814	09	01	Derby Mercury	1814.09.01_TheDerbyMercury_0001	1814	06	30	Derby Mercury	1814.06.30_TheDerbyMercury_0001
630	894	907	1814	09	01	Trewman’s Exeter Flying Post	1814.09.01_Trewman'sExeterFlyingPostorPlymouthandCornishAdvertiser_0003	1814	06	02	Trewman’s Exeter Flying Post	1814.06.02_Trewman'sExeterFlyingPostorPlymouthandCornishAdvertiser_0003
662	896	896	1814	09	01	Trewman’s Exeter Flying Post	1814.09.01_Trewman'sExeterFlyingPostorPlymouthandCornishAdvertiser_0003	1814	06	09	Trewman’s Exeter Flying Post	1814.06.09_Trewman'sExeterFlyingPostorPlymouthandCornishAdvertiser_0003
436	607	609	1814	09	01	Trewman’s Exeter Flying Post	1814.09.01_Trewman'sExeterFlyingPostorPlymouthandCornishAdvertiser_0003	1814	06	16	Trewman’s Exeter Flying Post	1814.06.16_Trewman'sExeterFlyingPostorPlymouthandCornishAdvertiser_0003
593	830	830	1814	09	01	Trewman’s Exeter Flying Post	1814.09.01_Trewman'sExeterFlyingPostorPlymouthandCornishAdvertiser_0003	1814	06	23	Trewman’s Exeter Flying Post	1814.06.23_Trewman'sExeterFlyingPostorPlymouthandCornishAdvertiser_0003
413	645	643	1814	09	01	Trewman’s Exeter Flying Post	1814.09.01_Trewman'sExeterFlyingPostorPlymouthandCornishAdvertiser_0003	1814	06	30	Trewman’s Exeter Flying Post	1814.06.30_Trewman'sExeterFlyingPostorPlymouthandCornishAdvertiser_0002
254	395	378	1814	09	03	Leeds Mercury	1814.09.03_TheLeedsMercury_0001	1814	06	11	Leeds Mercury	1814.06.11_TheLeedsMercury_0001
333	517	516	1814	09	03	Leeds Mercury	1814.09.03_TheLeedsMercury_0004	1814	06	04	Leeds Mercury	1814.06.04_TheLeedsMercury_0004
329	551	553	1814	09	03	Leeds Mercury	1814.09.03_TheLeedsMercury_0004	1814	06	25	Leeds Mercury	1814.06.25_TheLeedsMercury_0004
203	296	295	1814	09	05	Caledonian Mercury	1814.09.05_CaledonianMercury_0001	1814	06	04	Jackson’s Oxford Journal	1814.06.04_Jackson'sOxfordJournal_0001
554	758	758	1814	09	08	Trewman’s Exeter Flying Post	1814.09.08_Trewman'sExeterFlyingPostorPlymouthandCornishAdvertiser_0003	1814	06	02	Trewman’s Exeter Flying Post	1814.06.02_Trewman'sExeterFlyingPostorPlymouthandCornishAdvertiser_0003
241	388	378	1814	09	08	Trewman’s Exeter Flying Post	1814.09.08_Trewman'sExeterFlyingPostorPlymouthandCornishAdvertiser_0003	1814	06	09	Trewman’s Exeter Flying Post	1814.06.09_Trewman'sExeterFlyingPostorPlymouthandCornishAdvertiser_0002
489	651	651	1814	09	08	Trewman’s Exeter Flying Post	1814.09.08_Trewman'sExeterFlyingPostorPlymouthandCornishAdvertiser_0003	1814	06	09	Trewman’s Exeter Flying Post	1814.06.09_Trewman'sExeterFlyingPostorPlymouthandCornishAdvertiser_0003
337	564	543	1814	09	08	Trewman’s Exeter Flying Post	1814.09.08_Trewman'sExeterFlyingPostorPlymouthandCornishAdvertiser_0003	1814	06	16	Trewman’s Exeter Flying Post	1814.06.16_Trewman'sExeterFlyingPostorPlymouthandCornishAdvertiser_0002
466	664	664	1814	09	08	Trewman’s Exeter Flying Post	1814.09.08_Trewman'sExeterFlyingPostorPlymouthandCornishAdvertiser_0003	1814	06	16	Trewman’s Exeter Flying Post	1814.06.16_Trewman'sExeterFlyingPostorPlymouthandCornishAdvertiser_0003
668	958	937	1814	09	08	Trewman’s Exeter Flying Post	1814.09.08_Trewman'sExeterFlyingPostorPlymouthandCornishAdvertiser_0003	1814	06	23	Trewman’s Exeter Flying Post	1814.06.23_Trewman'sExeterFlyingPostorPlymouthandCornishAdvertiser_0003
342	510	499	1814	09	08	Trewman’s Exeter Flying Post	1814.09.08_Trewman'sExeterFlyingPostorPlymouthandCornishAdvertiser_0003	1814	06	30	Trewman’s Exeter Flying Post	1814.06.30_Trewman'sExeterFlyingPostorPlymouthandCornishAdvertiser_0002
264	439	448	1814	09	10	Jackson’s Oxford Journal	1814.09.10_Jackson'sOxfordJournal_0004	1814	06	04	Jackson’s Oxford Journal	1814.06.04_Jackson'sOxfordJournal_0004
422	692	707	1814	09	10	Jackson’s Oxford Journal	1814.09.10_Jackson'sOxfordJournal_0004	1814	06	11	Jackson’s Oxford Journal	1814.06.11_Jackson'sOxfordJournal_0004
235	393	394	1814	09	10	Jackson’s Oxford Journal	1814.09.10_Jackson'sOxfordJournal_0004	1814	06	18	Jackson’s Oxford Journal	1814.06.18_Jackson'sOxfordJournal_0004
218	317	311	1814	09	10	Leeds Mercury	1814.09.10_TheLeedsMercury_0001	1814	06	11	Leeds Mercury	1814.06.11_TheLeedsMercury_0001
205	319	312	1814	09	10	Leeds Mercury	1814.09.10_TheLeedsMercury_0001	1814	06	25	Leeds Mercury	1814.06.25_TheLeedsMercury_0001
329	506	511	1814	09	10	Leeds Mercury	1814.09.10_TheLeedsMercury_0004	1814	06	04	Leeds Mercury	1814.06.04_TheLeedsMercury_0004
518	821	804	1814	09	10	Leeds Mercury	1814.09.10_TheLeedsMercury_0004	1814	06	11	Leeds Mercury	1814.06.11_TheLeedsMercury_0004
248	371	384	1814	09	10	Leeds Mercury	1814.09.10_TheLeedsMercury_0004	1814	06	25	Leeds Mercury	1814.06.25_TheLeedsMercury_0004
212	328	315	1814	09	13	Hull Packet	1814.09.13_TheHullPacketandOriginalWeeklyCommercialLiteraryandGeneralAdvertiser_0004	1814	06	14	Hull Packet	1814.06.14_TheHullPacketandOriginalWeeklyCommercialLiteraryandGeneralAdvertiser_0004
262	397	395	1814	09	15	Trewman’s Exeter Flying Post	1814.09.15_Trewman'sExeterFlyingPostorPlymouthandCornishAdvertiser_0003	1814	06	02	Trewman’s Exeter Flying Post	1814.06.02_Trewman'sExeterFlyingPostorPlymouthandCornishAdvertiser_0003
302	440	445	1814	09	15	Trewman’s Exeter Flying Post	1814.09.15_Trewman'sExeterFlyingPostorPlymouthandCornishAdvertiser_0003	1814	06	09	Trewman’s Exeter Flying Post	1814.06.09_Trewman'sExeterFlyingPostorPlymouthandCornishAdvertiser_0003
206	305	301	1814	09	15	Trewman’s Exeter Flying Post	1814.09.15_Trewman'sExeterFlyingPostorPlymouthandCornishAdvertiser_0003	1814	06	16	Trewman’s Exeter Flying Post	1814.06.16_Trewman'sExeterFlyingPostorPlymouthandCornishAdvertiser_0003
336	514	504	1814	09	15	Trewman’s Exeter Flying Post	1814.09.15_Trewman'sExeterFlyingPostorPlymouthandCornishAdvertiser_0003	1814	06	23	Trewman’s Exeter Flying Post	1814.06.23_Trewman'sExeterFlyingPostorPlymouthandCornishAdvertiser_0003
217	342	345	1814	09	17	Jackson’s Oxford Journal	1814.09.17_Jackson'sOxfordJournal_0004	1814	06	11	Jackson’s Oxford Journal	1814.06.11_Jackson'sOxfordJournal_0004
230	368	366	1814	09	17	Leeds Mercury	1814.09.17_TheLeedsMercury_0004	1814	06	04	Leeds Mercury	1814.06.04_TheLeedsMercury_0004
222	367	369	1814	09	17	Leeds Mercury	1814.09.17_TheLeedsMercury_0004	1814	06	11	Leeds Mercury	1814.06.11_TheLeedsMercury_0001
266	393	374	1814	09	17	Leeds Mercury	1814.09.17_TheLeedsMercury_0004	1814	06	21	Hull Packet	1814.06.21_TheHullPacketandOriginalWeeklyCommercialLiteraryandGeneralAdvertiser_0004
224	358	340	1814	09	20	Hull Packet	1814.09.20_TheHullPacketandOriginalWeeklyCommercialLiteraryandGeneralAdvertiser_0004	1814	06	21	Hull Packet	1814.06.21_TheHullPacketandOriginalWeeklyCommercialLiteraryandGeneralAdvertiser_0004
221	352	355	1814	09	22	Trewman’s Exeter Flying Post	1814.09.22_Trewman'sExeterFlyingPostorPlymouthandCornishAdvertiser_0002	1814	06	02	Trewman’s Exeter Flying Post	1814.06.02_Trewman'sExeterFlyingPostorPlymouthandCornishAdvertiser_0003
219	339	343	1814	09	22	Trewman’s Exeter Flying Post	1814.09.22_Trewman'sExeterFlyingPostorPlymouthandCornishAdvertiser_0002	1814	06	09	Trewman’s Exeter Flying Post	1814.06.09_Trewman'sExeterFlyingPostorPlymouthandCornishAdvertiser_0003
249	403	398	1814	09	22	Trewman’s Exeter Flying Post	1814.09.22_Trewman'sExeterFlyingPostorPlymouthandCornishAdvertiser_0002	1814	06	23	Trewman’s Exeter Flying Post	1814.06.23_Trewman'sExeterFlyingPostorPlymouthandCornishAdvertiser_0003
478	667	665	1814	09	22	Trewman’s Exeter Flying Post	1814.09.22_Trewman'sExeterFlyingPostorPlymouthandCornishAdvertiser_0003	1814	06	23	Trewman’s Exeter Flying Post	1814.06.23_Trewman'sExeterFlyingPostorPlymouthandCornishAdvertiser_0003
335	471	473	1814	09	24	Jackson’s Oxford Journal	1814.09.24_Jackson'sOxfordJournal_0002	1814	06	25	Jackson’s Oxford Journal	1814.06.25_Jackson'sOxfordJournal_0002
259	414	407	1814	09	24	Leeds Mercury	1814.09.24_TheLeedsMercury_0001	1814	06	11	Leeds Mercury	1814.06.11_TheLeedsMercury_0001
241	380	376	1814	09	24	Leeds Mercury	1814.09.24_TheLeedsMercury_0004	1814	06	04	Leeds Mercury	1814.06.04_TheLeedsMercury_0004
336	541	524	1814	09	24	Leeds Mercury	1814.09.24_TheLeedsMercury_0004	1814	06	18	Leeds Mercury	1814.06.18_TheLeedsMercury_0001
277	451	454	1814	09	24	Leeds Mercury	1814.09.24_TheLeedsMercury_0004	1814	06	25	Leeds Mercury	1814.06.25_TheLeedsMercury_0004
274	425	433	1814	09	29	Trewman’s Exeter Flying Post	1814.09.29_Trewman'sExeterFlyingPostorPlymouthandCornishAdvertiser_0003	1814	06	09	Trewman’s Exeter Flying Post	1814.06.09_Trewman'sExeterFlyingPostorPlymouthandCornishAdvertiser_0003
574	925	930	1814	09	29	Trewman’s Exeter Flying Post	1814.09.29_Trewman'sExeterFlyingPostorPlymouthandCornishAdvertiser_0003	1814	06	23	Trewman’s Exeter Flying Post	1814.06.23_Trewman'sExeterFlyingPostorPlymouthandCornishAdvertiser_0003
425	683	685	1814	09	29	Trewman’s Exeter Flying Post	1814.09.29_Trewman'sExeterFlyingPostorPlymouthandCornishAdvertiser_0003	1814	06	30	Trewman’s Exeter Flying Post	1814.06.30_Trewman'sExeterFlyingPostorPlymouthandCornishAdvertiser_0002
212	321	329	1814	10	01	Jackson’s Oxford Journal	1814.10.01_Jackson'sOxfordJournal_0003	1814	06	11	Jackson’s Oxford Journal	1814.06.11_Jackson'sOxfordJournal_0004
205	317	317	1814	10	01	Jackson’s Oxford Journal	1814.10.01_Jackson'sOxfordJournal_0003	1814	06	25	Jackson’s Oxford Journal	1814.06.25_Jackson'sOxfordJournal_0002
200	332	330	1814	10	01	Jackson’s Oxford Journal	1814.10.01_Jackson'sOxfordJournal_0004	1814	06	04	Jackson’s Oxford Journal	1814.06.04_Jackson'sOxfordJournal_0001
281	418	416	1814	10	01	Jackson’s Oxford Journal	1814.10.01_Jackson'sOxfordJournal_0004	1814	06	25	Jackson’s Oxford Journal	1814.06.25_Jackson'sOxfordJournal_0004
209	338	341	1814	10	01	Jackson’s Oxford Journal	1814.10.01_Jackson'sOxfordJournal_0004	1814	06	30	Derby Mercury	1814.06.30_TheDerbyMercury_0001
231	348	352	1814	10	01	Leeds Mercury	1814.10.01_TheLeedsMercury_0001	1814	06	11	Leeds Mercury	1814.06.11_TheLeedsMercury_0001
240	370	368	1814	10	01	Leeds Mercury	1814.10.01_TheLeedsMercury_0004	1814	06	04	Leeds Mercury	1814.06.04_TheLeedsMercury_0004
212	386	381	1814	10	06	Derby Mercury	1814.10.06_TheDerbyMercury_0001	1814	06	30	Derby Mercury	1814.06.30_TheDerbyMercury_0001
212	328	328	1814	10	06	Trewman’s Exeter Flying Post	1814.10.06_Trewman'sExeterFlyingPostorPlymouthandCornishAdvertiser_0003	1814	06	04	Jackson’s Oxford Journal	1814.06.04_Jackson'sOxfordJournal_0001
227	338	340	1814	10	06	Trewman’s Exeter Flying Post	1814.10.06_Trewman'sExeterFlyingPostorPlymouthandCornishAdvertiser_0003	1814	06	09	Trewman’s Exeter Flying Post	1814.06.09_Trewman'sExeterFlyingPostorPlymouthandCornishAdvertiser_0003
240	400	392	1814	10	06	Trewman’s Exeter Flying Post	1814.10.06_Trewman'sExeterFlyingPostorPlymouthandCornishAdvertiser_0003	1814	06	16	Trewman’s Exeter Flying Post	1814.06.16_Trewman'sExeterFlyingPostorPlymouthandCornishAdvertiser_0002
363	542	544	1814	10	06	Trewman’s Exeter Flying Post	1814.10.06_Trewman'sExeterFlyingPostorPlymouthandCornishAdvertiser_0003	1814	06	16	Trewman’s Exeter Flying Post	1814.06.16_Trewman'sExeterFlyingPostorPlymouthandCornishAdvertiser_0003
538	848	837	1814	10	06	Trewman’s Exeter Flying Post	1814.10.06_Trewman'sExeterFlyingPostorPlymouthandCornishAdvertiser_0003	1814	06	23	Trewman’s Exeter Flying Post	1814.06.23_Trewman'sExeterFlyingPostorPlymouthandCornishAdvertiser_0003
234	380	376	1814	10	06	Trewman’s Exeter Flying Post	1814.10.06_Trewman'sExeterFlyingPostorPlymouthandCornishAdvertiser_0003	1814	06	30	Derby Mercury	1814.06.30_TheDerbyMercury_0001
466	753	753	1814	10	06	Trewman’s Exeter Flying Post	1814.10.06_Trewman'sExeterFlyingPostorPlymouthandCornishAdvertiser_0003	1814	06	30	Trewman’s Exeter Flying Post	1814.06.30_Trewman'sExeterFlyingPostorPlymouthandCornishAdvertiser_0002
239	402	403	1814	10	08	Jackson’s Oxford Journal	1814.10.08_Jackson'sOxfordJournal_0004	1814	06	11	Jackson’s Oxford Journal	1814.06.11_Jackson'sOxfordJournal_0004
216	359	356	1814	10	08	Jackson’s Oxford Journal	1814.10.08_Jackson'sOxfordJournal_0004	1814	06	18	Jackson’s Oxford Journal	1814.06.18_Jackson'sOxfordJournal_0004
336	540	537	1814	10	13	Trewman’s Exeter Flying Post	1814.10.13_Trewman'sExeterFlyingPostorPlymouthandCornishAdvertiser_0002	1814	06	02	Trewman’s Exeter Flying Post	1814.06.02_Trewman'sExeterFlyingPostorPlymouthandCornishAdvertiser_0003
416	669	668	1814	10	13	Trewman’s Exeter Flying Post	1814.10.13_Trewman'sExeterFlyingPostorPlymouthandCornishAdvertiser_0002	1814	06	09	Trewman’s Exeter Flying Post	1814.06.09_Trewman'sExeterFlyingPostorPlymouthandCornishAdvertiser_0003
274	420	416	1814	10	13	Trewman’s Exeter Flying Post	1814.10.13_Trewman'sExeterFlyingPostorPlymouthandCornishAdvertiser_0002	1814	06	16	Trewman’s Exeter Flying Post	1814.06.16_Trewman'sExeterFlyingPostorPlymouthandCornishAdvertiser_0003
217	372	361	1814	10	13	Trewman’s Exeter Flying Post	1814.10.13_Trewman'sExeterFlyingPostorPlymouthandCornishAdvertiser_0002	1814	06	23	Trewman’s Exeter Flying Post	1814.06.23_Trewman'sExeterFlyingPostorPlymouthandCornishAdvertiser_0003
226	355	352	1814	10	15	Leeds Mercury	1814.10.15_TheLeedsMercury_0001	1814	06	11	Leeds Mercury	1814.06.11_TheLeedsMercury_0001
245	392	383	1814	10	18	Hull Packet	1814.10.18_TheHullPacketandOriginalWeeklyCommercialLiteraryandGeneralAdvertiser_0004	1814	06	21	Hull Packet	1814.06.21_TheHullPacketandOriginalWeeklyCommercialLiteraryandGeneralAdvertiser_0004
292	451	455	1814	10	20	Trewman’s Exeter Flying Post	1814.10.20_Trewman'sExeterFlyingPostorPlymouthandCornishAdvertiser_0003	1814	06	16	Trewman’s Exeter Flying Post	1814.06.16_Trewman'sExeterFlyingPostorPlymouthandCornishAdvertiser_0003
218	373	387	1814	10	22	Jackson’s Oxford Journal	1814.10.22_Jackson'sOxfordJournal_0004	1814	06	04	Jackson’s Oxford Journal	1814.06.04_Jackson'sOxfordJournal_0004
232	394	399	1814	10	22	Jackson’s Oxford Journal	1814.10.22_Jackson'sOxfordJournal_0004	1814	06	11	Jackson’s Oxford Journal	1814.06.11_Jackson'sOxfordJournal_0004
204	303	311	1814	10	22	Leeds Mercury	1814.10.22_TheLeedsMercury_0002	1814	06	04	Leeds Mercury	1814.06.04_TheLeedsMercury_0004
296	514	509	1814	10	27	Trewman’s Exeter Flying Post	1814.10.27_Trewman'sExeterFlyingPostorPlymouthandCornishAdvertiser_0002	1814	06	09	Trewman’s Exeter Flying Post	1814.06.09_Trewman'sExeterFlyingPostorPlymouthandCornishAdvertiser_0003
222	346	350	1814	10	27	Trewman’s Exeter Flying Post	1814.10.27_Trewman'sExeterFlyingPostorPlymouthandCornishAdvertiser_0003	1814	06	02	Trewman’s Exeter Flying Post	1814.06.02_Trewman'sExeterFlyingPostorPlymouthandCornishAdvertiser_0003
210	334	338	1814	10	27	Trewman’s Exeter Flying Post	1814.10.27_Trewman'sExeterFlyingPostorPlymouthandCornishAdvertiser_0003	1814	06	23	Trewman’s Exeter Flying Post	1814.06.23_Trewman'sExeterFlyingPostorPlymouthandCornishAdvertiser_0003
200	327	334	1814	10	29	Jackson’s Oxford Journal	1814.10.29_Jackson'sOxfordJournal_0004	1814	06	04	Jackson’s Oxford Journal	1814.06.04_Jackson'sOxfordJournal_0004
256	429	436	1814	10	29	Jackson’s Oxford Journal	1814.10.29_Jackson'sOxfordJournal_0004	1814	06	11	Jackson’s Oxford Journal	1814.06.11_Jackson'sOxfordJournal_0004
214	328	314	1814	11	01	Hull Packet	1814.11.01_TheHullPacketandOriginalWeeklyCommercialLiteraryandGeneralAdvertiser_0004	1814	06	14	Hull Packet	1814.06.14_TheHullPacketandOriginalWeeklyCommercialLiteraryandGeneralAdvertiser_0004
442	701	701	1814	11	03	Trewman’s Exeter Flying Post	1814.11.03_Trewman'sExeterFlyingPostorPlymouthandCornishAdvertiser_0001	1814	06	16	Trewman’s Exeter Flying Post	1814.06.16_Trewman'sExeterFlyingPostorPlymouthandCornishAdvertiser_0001
253	383	387	1814	11	03	Trewman’s Exeter Flying Post	1814.11.03_Trewman'sExeterFlyingPostorPlymouthandCornishAdvertiser_0002	1814	06	16	Trewman’s Exeter Flying Post	1814.06.16_Trewman'sExeterFlyingPostorPlymouthandCornishAdvertiser_0003
237	375	396	1814	11	05	Leeds Mercury	1814.11.05_TheLeedsMercury_0004	1814	06	25	Leeds Mercury	1814.06.25_TheLeedsMercury_0004
221	354	363	1814	11	10	Trewman’s Exeter Flying Post	1814.11.10_Trewman'sExeterFlyingPostorPlymouthandCornishAdvertiser_0003	1814	06	02	Trewman’s Exeter Flying Post	1814.06.02_Trewman'sExeterFlyingPostorPlymouthandCornishAdvertiser_0003
214	322	335	1814	11	10	Trewman’s Exeter Flying Post	1814.11.10_Trewman'sExeterFlyingPostorPlymouthandCornishAdvertiser_0003	1814	06	09	Trewman’s Exeter Flying Post	1814.06.09_Trewman'sExeterFlyingPostorPlymouthandCornishAdvertiser_0003
211	343	353	1814	11	10	Trewman’s Exeter Flying Post	1814.11.10_Trewman'sExeterFlyingPostorPlymouthandCornishAdvertiser_0003	1814	06	23	Trewman’s Exeter Flying Post	1814.06.23_Trewman'sExeterFlyingPostorPlymouthandCornishAdvertiser_0003
273	391	393	1814	11	17	Trewman’s Exeter Flying Post	1814.11.17_Trewman'sExeterFlyingPostorPlymouthandCornishAdvertiser_0001	1814	06	02	Trewman’s Exeter Flying Post	1814.06.02_Trewman'sExeterFlyingPostorPlymouthandCornishAdvertiser_0003
245	345	353	1814	11	17	Trewman’s Exeter Flying Post	1814.11.17_Trewman'sExeterFlyingPostorPlymouthandCornishAdvertiser_0001	1814	06	09	Trewman’s Exeter Flying Post	1814.06.09_Trewman'sExeterFlyingPostorPlymouthandCornishAdvertiser_0003
240	357	357	1814	11	17	Trewman’s Exeter Flying Post	1814.11.17_Trewman'sExeterFlyingPostorPlymouthandCornishAdvertiser_0001	1814	06	23	Trewman’s Exeter Flying Post	1814.06.23_Trewman'sExeterFlyingPostorPlymouthandCornishAdvertiser_0003
339	516	510	1814	11	19	Leeds Mercury	1814.11.19_TheLeedsMercury_0004	1814	06	04	Leeds Mercury	1814.06.04_TheLeedsMercury_0004
287	488	492	1814	11	19	Leeds Mercury	1814.11.19_TheLeedsMercury_0004	1814	06	25	Leeds Mercury	1814.06.25_TheLeedsMercury_0004
202	335	332	1814	11	24	Trewman’s Exeter Flying Post	1814.11.24_Trewman'sExeterFlyingPostorPlymouthandCornishAdvertiser_0001	1814	06	16	Trewman’s Exeter Flying Post	1814.06.16_Trewman'sExeterFlyingPostorPlymouthandCornishAdvertiser_0001
303	430	424	1814	12	01	Trewman’s Exeter Flying Post	1814.12.01_Trewman'sExeterFlyingPostorPlymouthandCornishAdvertiser_0003	1814	06	16	Trewman’s Exeter Flying Post	1814.06.16_Trewman'sExeterFlyingPostorPlymouthandCornishAdvertiser_0003
480	692	700	1814	12	03	Leeds Mercury	1814.12.03_TheLeedsMercury_0004	1814	06	04	Leeds Mercury	1814.06.04_TheLeedsMercury_0004
215	359	353	1814	12	08	Caledonian Mercury	1814.12.08_CaledonianMercury_0003	1814	06	30	Caledonian Mercury	1814.06.30_CaledonianMercury_0003
213	359	366	1814	12	10	Leeds Mercury	1814.12.10_TheLeedsMercury_0004	1814	06	04	Leeds Mercury	1814.06.04_TheLeedsMercury_0004
239	396	375	1814	12	13	Hull Packet	1814.12.13_TheHullPacketandOriginalWeeklyCommercialLiteraryandGeneralAdvertiser_0004	1814	06	14	Hull Packet	1814.06.14_TheHullPacketandOriginalWeeklyCommercialLiteraryandGeneralAdvertiser_0004
277	400	399	1814	12	15	Trewman’s Exeter Flying Post	1814.12.15_Trewman'sExeterFlyingPostorPlymouthandCornishAdvertiser_0002	1814	06	09	Trewman’s Exeter Flying Post	1814.06.09_Trewman'sExeterFlyingPostorPlymouthandCornishAdvertiser_0003
288	423	432	1814	12	15	Trewman’s Exeter Flying Post	1814.12.15_Trewman'sExeterFlyingPostorPlymouthandCornishAdvertiser_0003	1814	06	16	Trewman’s Exeter Flying Post	1814.06.16_Trewman'sExeterFlyingPostorPlymouthandCornishAdvertiser_0003
236	364	359	1814	12	17	Leeds Mercury	1814.12.17_TheLeedsMercury_0001	1814	06	18	Leeds Mercury	1814.06.18_TheLeedsMercury_0001
269	434	439	1814	12	17	Leeds Mercury	1814.12.17_TheLeedsMercury_0004	1814	06	04	Leeds Mercury	1814.06.04_TheLeedsMercury_0004
370	585	591	1814	12	22	Trewman’s Exeter Flying Post	1814.12.22_Trewman'sExeterFlyingPostorPlymouthandCornishAdvertiser_0002	1814	06	23	Trewman’s Exeter Flying Post	1814.06.23_Trewman'sExeterFlyingPostorPlymouthandCornishAdvertiser_0003
283	430	436	1814	12	22	Trewman’s Exeter Flying Post	1814.12.22_Trewman'sExeterFlyingPostorPlymouthandCornishAdvertiser_0002	1814	06	30	Trewman’s Exeter Flying Post	1814.06.30_Trewman'sExeterFlyingPostorPlymouthandCornishAdvertiser_0002
219	345	360	1814	12	24	Leeds Mercury	1814.12.24_TheLeedsMercury_0004	1814	06	04	Leeds Mercury	1814.06.04_TheLeedsMercury_0004
202	327	335	1814	12	24	Leeds Mercury	1814.12.24_TheLeedsMercury_0004	1814	06	11	Leeds Mercury	1814.06.11_TheLeedsMercury_0004
214	364	370	1814	12	24	Leeds Mercury	1814.12.24_TheLeedsMercury_0004	1814	06	25	Leeds Mercury	1814.06.25_TheLeedsMercury_0004
229	377	366	1814	12	29	Trewman’s Exeter Flying Post	1814.12.29_Trewman'sExeterFlyingPostorPlymouthandCornishAdvertiser_0002	1814	06	23	Trewman’s Exeter Flying Post	1814.06.23_Trewman'sExeterFlyingPostorPlymouthandCornishAdvertiser_0003
245	413	408	1814	12	29	Trewman’s Exeter Flying Post	1814.12.29_Trewman'sExeterFlyingPostorPlymouthandCornishAdvertiser_0002	1814	06	30	Derby Mercury	1814.06.30_TheDerbyMercury_0001
205	320	314	1814	12	29	Trewman’s Exeter Flying Post	1814.12.29_Trewman'sExeterFlyingPostorPlymouthandCornishAdvertiser_0002	1814	06	30	Trewman’s Exeter Flying Post	1814.06.30_Trewman'sExeterFlyingPostorPlymouthandCornishAdvertiser_0002
211	325	319	1815	01	12	Trewman’s Exeter Flying Post	1815.01.12_Trewman'sExeterFlyingPostorPlymouthandCornishAdvertiser_0003	1814	06	23	Trewman’s Exeter Flying Post	1814.06.23_Trewman'sExeterFlyingPostorPlymouthandCornishAdvertiser_0003
200	313	320	1815	01	14	Jackson’s Oxford Journal	1815.01.14_Jackson'sOxfordJournal_0004	1814	06	11	Jackson’s Oxford Journal	1814.06.11_Jackson'sOxfordJournal_0004
249	372	380	1815	01	14	Jackson’s Oxford Journal	1815.01.14_Jackson'sOxfordJournal_0004	1814	06	18	Jackson’s Oxford Journal	1814.06.18_Jackson'sOxfordJournal_0004
431	666	679	1815	01	26	Trewman’s Exeter Flying Post	1815.01.26_Trewman'sExeterFlyingPostorPlymouthandCornishAdvertiser_0001	1814	06	16	Trewman’s Exeter Flying Post	1814.06.16_Trewman'sExeterFlyingPostorPlymouthandCornishAdvertiser_0001
217	355	353	1815	01	26	Trewman’s Exeter Flying Post	1815.01.26_Trewman'sExeterFlyingPostorPlymouthandCornishAdvertiser_0003	1814	06	16	Trewman’s Exeter Flying Post	1814.06.16_Trewman'sExeterFlyingPostorPlymouthandCornishAdvertiser_0002
